fico,int.rate
737,11.89
707,10.71
682,13.57
712,10.08
667,14.26
727,7.88
667,14.96
722,11.14
682,11.34
707,12.21
677,13.47
662,13.24
767,8.59
747,7.14
727,8.63
702,11.03
672,13.17
797,8.94
712,10.39
667,15.13
772,8
797,8.63
662,13.55
782,7.88
672,12.29
712,9.01
802,7.43
662,13.75
772,7.43
812,7.43
742,8.07
692,10.28
777,7.43
762,8.07
757,8.7
772,7.43
787,7.43
672,11.22
707,9.96
717,9.33
742,8.07
777,7.43
752,8.7
677,10.28
702,11.22
797,8.38
762,7.75
772,8.38
722,9.01
792,7.43
782,7.43
712,10.28
762,10.59
712,9.96
627,15.96
747,10.59
662,11.54
682,13.43
682,12.49
712,9.64
682,11.86
772,7.43
682,10.28
667,11.86
752,8.07
687,10.59
702,9.96
712,9.64
707,13.75
752,7.75
812,7.43
757,8.07
722,9.96
677,15.01
772,9.64
682,12.8
712,11.22
772,7.43
712,8.7
707,10.91
762,7.75
762,7.75
742,8.7
722,9.64
737,8.7
662,12.17
667,15.33
747,7.75
662,15.33
737,9.64
672,11.54
682,11.22
767,8.7
702,11.22
792,8.07
762,7.75
727,11.54
787,8.07
792,8.07
792,9.33
772,7.12
667,11.86
702,15.01
792,8.07
762,9.33
797,8.07
672,12.17
692,10.28
662,12.49
722,10.28
712,10.59
687,14.38
772,7.43
812,7.12
667,15.65
692,10.59
747,11.22
707,11.22
677,13.75
667,14.67
692,10.28
667,12.49
782,7.43
687,10.28
682,11.22
692,13.12
742,11.22
797,8.07
707,10.91
697,10.28
662,12.17
667,12.49
697,14.38
767,10.28
662,12.49
752,8.38
742,9.01
702,9.33
742,8.07
677,9.96
662,12.49
682,12.8
707,10.91
687,9.96
707,9.96
707,10.59
732,9.64
772,8.07
737,9.64
717,11.54
707,13.12
692,10.28
737,10.59
672,11.54
822,9.01
727,9.96
687,10.28
672,11.54
692,10.91
797,7.75
722,12.8
767,10.59
667,11.86
732,9.64
697,10.91
712,9.01
737,8.38
672,10.91
682,10.59
727,9.96
632,14.7
747,9.01
752,7.75
682,9.96
812,7.12
677,10.91
682,11.54
692,10.91
767,7.75
687,10.28
702,10.28
687,10.28
682,11.22
757,7.75
667,11.54
777,7.43
767,9.33
782,9.01
747,8.7
677,10.91
687,10.91
687,11.86
812,7.43
687,10.28
712,9.96
682,10.59
682,11.22
722,8.07
697,10.91
757,8.7
677,11.22
682,11.54
757,7.43
787,7.75
667,11.86
692,10.28
702,10.28
702,9.96
757,8.7
712,12.17
682,12.17
702,12.17
712,11.86
707,10.91
747,8.7
707,9.33
697,10.91
697,9.96
682,11.86
722,8.7
702,10.59
662,12.49
707,11.54
777,7.43
697,10.28
717,8.7
672,12.17
682,10.28
697,9.64
707,10.59
667,13.75
712,9.01
662,12.8
692,12.17
697,9.33
692,9.96
677,12.8
682,14.38
772,8.38
697,10.91
772,9.64
662,12.8
672,12.17
672,11.86
767,9.64
692,10.91
692,12.49
752,7.75
687,10.28
677,14.07
737,10.91
667,15.96
732,9.33
667,13.12
662,12.8
722,9.96
667,11.54
712,9.33
742,9.64
687,10.91
772,7.43
762,9.33
727,9.33
702,9.64
697,9.64
672,14.07
792,7.12
722,9.01
662,12.49
667,14.38
712,9.64
677,14.7
767,8.07
767,7.43
742,7.75
687,13.75
687,10.59
672,14.38
702,11.22
667,12.8
712,9.64
707,9.96
742,8.38
682,10.59
742,8.07
717,9.33
667,13.43
662,12.17
747,9.33
707,9.01
742,9.01
792,8.07
717,11.22
732,9.96
797,7.12
727,9.96
707,11.54
702,9.64
702,9.33
722,9.01
672,11.22
737,8.07
717,9.64
697,9.96
762,7.43
687,10.14
692,10.46
772,7.43
662,13.3
662,13.3
712,9.83
662,13.93
737,8.38
662,13.3
727,9.2
807,7.43
687,12.36
662,12.36
752,10.14
672,13.62
702,10.78
752,8.07
677,15.83
667,13.62
682,12.36
732,10.14
662,12.36
757,8.38
777,7.12
662,12.36
767,7.43
722,8.38
702,11.09
762,7.43
702,10.78
692,11.41
677,12.36
762,8.38
762,8.07
742,8.38
677,12.67
667,12.04
722,9.51
692,10.14
727,9.2
687,10.78
667,11.72
667,11.41
767,7.75
687,11.09
742,8.38
677,12.04
742,7.75
767,7.75
702,10.14
682,11.41
682,12.99
677,10.78
677,12.04
667,14.88
777,9.51
712,9.83
767,8.38
662,12.67
692,10.78
697,12.67
732,9.2
717,9.51
677,15.2
807,7.75
757,8.07
667,14.25
692,10.46
697,12.04
722,9.51
662,18.36
677,11.72
742,10.14
697,11.72
682,10.78
667,12.99
677,12.99
787,7.75
692,10.78
702,10.78
727,9.2
687,10.46
672,11.72
662,13.3
677,11.72
727,8.38
772,7.12
662,13.3
682,12.04
697,12.67
742,9.2
747,9.51
732,10.14
732,9.51
662,15.83
687,10.78
722,10.14
732,10.46
742,8.38
677,12.04
682,16.15
702,11.41
692,11.72
702,10.14
677,11.09
677,12.36
702,11.41
697,10.14
662,13.93
697,13.3
697,10.78
782,7.75
747,9.2
757,8.38
797,7.75
692,13.3
702,12.36
697,11.09
682,11.72
692,10.78
722,11.09
692,10.78
682,10.78
702,10.78
792,7.75
692,11.41
782,8.07
757,9.83
727,10.46
687,10.78
692,11.41
682,11.72
667,13.62
697,10.78
722,8.38
767,9.51
722,9.83
792,9.2
747,9.2
772,8.38
672,14.88
672,14.25
727,9.2
682,12.04
757,7.75
772,7.43
712,9.83
692,13.3
687,6
732,9.83
762,9.83
732,8.07
727,9.2
717,9.51
732,9.2
667,13.93
802,7.75
767,9.51
697,11.72
707,10.46
717,9.83
707,12.67
697,10.46
727,8.32
692,12.61
742,9.45
722,8.63
752,8.32
672,13.24
692,11.97
787,9.45
672,13.87
722,8.63
737,9.76
682,10.71
767,10.08
702,12.92
702,10.39
792,8
762,9.76
727,10.08
722,8.63
702,10.08
707,9.76
682,11.97
722,10.71
717,9.76
707,10.39
777,7.37
737,8
677,13.55
712,9.45
697,10.71
672,12.29
777,7.68
777,8
737,9.76
767,8.32
667,13.55
737,9.45
672,13.24
742,9.76
707,10.71
742,8
707,9.76
732,8.63
767,9.76
687,11.66
717,10.39
672,11.97
802,7.68
712,10.08
762,10.08
762,9.76
687,10.71
682,11.03
707,14.18
707,11.03
777,8
712,9.76
667,12.61
707,11.34
762,9.45
762,8
677,11.66
772,7.37
662,15.45
792,7.68
722,9.76
697,11.34
702,9.76
717,12.92
687,13.24
742,10.08
707,12.29
717,10.71
672,13.24
662,14.18
727,8.63
692,11.66
692,11.03
682,11.03
667,14.82
672,11.97
677,11.66
667,12.61
742,11.34
802,8
722,11.66
762,8
702,11.97
732,10.39
757,8.63
697,12.61
727,10.71
707,10.71
677,12.92
672,11.97
742,9.45
702,13.87
662,17.03
712,9.76
717,10.08
672,12.61
687,11.03
702,10.39
677,12.92
717,10.39
702,11.97
722,11.03
687,12.61
722,10.71
777,9.76
717,11.03
662,13.87
697,13.24
722,9.76
727,10.71
782,9.76
752,8.63
662,14.5
707,10.39
742,11.66
662,13.55
767,7.68
707,9.76
727,9.45
687,11.34
712,11.34
692,11.03
742,8
662,13.87
732,9.45
742,8.32
662,16.71
717,10.71
737,9.45
787,8
717,8.63
687,11.66
732,10.08
687,11.97
682,11.34
687,10.71
767,9.76
777,9.76
697,11.34
707,9.76
707,10.39
742,8.63
672,13.87
762,9.76
667,14.5
667,15.13
727,8.63
697,11.03
682,11.66
717,9.76
667,15.76
717,9.45
662,14.18
687,11.34
702,12.29
762,8
742,9.76
682,10.71
662,14.18
762,8
682,11.97
692,10.39
712,10.08
667,16.08
717,9.45
787,9.45
687,12.92
732,10.08
797,9.45
662,15.13
697,12.92
742,9.76
662,14.18
717,10.39
682,13.87
737,9.76
677,13.55
692,12.29
732,8.63
687,11.34
672,12.29
722,10.71
672,13.24
697,11.97
712,10.39
682,11.97
712,11.66
667,12.61
722,9.76
712,9.45
682,11.66
672,13.24
662,13.55
807,8.32
667,12.92
682,11.97
682,12.61
692,13.87
727,9.45
757,10.08
702,10.71
672,12.92
682,11.66
687,12.61
702,11.03
717,11.34
672,16.4
687,12.29
797,7.37
667,12.61
707,11.03
702,11.03
697,11.03
692,10.71
692,12.29
717,11.03
667,13.24
792,8
742,9.45
687,11.03
687,12.29
727,10.71
707,11.03
717,9.76
687,11.03
752,8.32
667,12.61
752,10.39
717,9.45
662,17.34
692,12.61
667,12.92
712,12.92
742,9.76
712,10.39
667,13.24
677,13.87
692,11.34
792,8.32
662,13.24
667,13.55
702,10.71
762,10.08
682,11.97
727,9.45
732,8.63
772,10.08
702,10.39
697,11.34
702,12.29
667,12.61
682,11.34
672,11.66
687,11.34
672,13.24
717,9.76
802,7.37
742,8
747,8
717,10.08
707,10.08
682,13.55
722,9.45
667,13.55
722,9.45
697,10.39
677,12.29
712,11.34
752,9.45
792,9.76
717,10.39
677,11.97
677,12.29
732,8.63
702,10.39
737,9.45
682,11.34
737,10.39
662,13.55
782,8
677,13.24
707,10.71
677,13.55
687,10.71
697,11.66
762,7.68
682,14.5
717,9.76
727,8.63
687,11.03
662,15.13
722,10.71
747,8
767,10.39
727,10.51
697,10.71
692,14.82
742,10.08
757,8.32
717,9.76
712,11.03
737,10.39
772,8
757,9.76
732,9.45
687,12.61
697,11.97
757,9.45
677,11.34
672,15.7
792,7.68
697,11.66
707,10.39
732,9.76
772,8.32
717,11.03
792,9.76
702,11.34
712,10.39
672,13.24
672,12.29
697,13.55
682,11.97
742,9.76
677,12.92
762,10.08
747,10.39
712,13.24
687,13.24
712,10.39
682,11.03
722,10.08
737,8.32
707,9.76
797,8.32
762,10.08
687,12.92
757,12.61
662,12.92
742,9.76
757,7.68
692,11.97
692,11.34
687,11.03
742,10.08
727,9.76
667,12.29
682,11.66
667,12.92
717,10.71
712,10.39
777,8
672,14.82
722,8.32
702,10.39
717,9.76
777,9.45
817,7.68
687,13.24
732,8.63
667,13.24
702,11.66
687,12.29
777,7.68
697,13.24
682,11.34
682,11.34
717,10.71
752,8.32
687,11.66
672,12.92
672,14.5
682,13.24
692,12.29
662,12.29
762,9.76
702,9.76
692,11.66
762,8
682,11.34
722,11.03
717,9.76
767,8.32
727,9.76
662,12.29
687,11.66
687,11.97
687,11.66
692,12.92
697,11.03
722,11.03
667,14.18
672,13.24
727,10.39
717,10.71
692,11.03
692,14.18
677,15.76
707,12.29
797,7.68
722,11.34
762,9.76
757,10.08
727,8.63
712,9.76
707,13.24
717,10.71
687,11.34
682,11.66
682,11.03
682,14.5
737,8.63
682,11.97
672,11.97
712,11.66
662,13.55
757,10.08
712,13.87
702,14.18
732,10.39
792,7.37
752,10.08
697,14.5
742,9.76
707,12.92
687,12.29
767,8
747,9.76
707,10.39
727,9.76
697,13.55
707,9.76
672,12.61
712,10.39
712,10.71
697,11.97
677,11.97
677,16.08
747,7.68
697,10.71
692,11.97
682,11.97
722,9.76
677,11.66
697,11.97
702,11.66
792,8
677,13.24
712,9.76
672,11.97
677,11.66
677,11.97
662,17.03
672,13.55
677,11.03
707,10.08
702,10.71
742,8.32
697,10.39
747,10.08
677,12.61
737,12.29
732,10.08
782,8.32
742,10.08
702,11.03
732,9.76
682,11.03
752,11.34
662,15.76
757,11.03
662,16.08
702,10.71
707,10.39
797,8
732,10.39
812,8.63
687,10.71
687,11.97
752,13.87
717,10.39
762,9.45
762,7.68
672,12.92
662,12.92
682,11.34
712,10.08
732,10.08
762,10.08
697,11.03
662,13.87
677,11.34
662,14.5
687,12.29
707,11.66
692,11.03
717,9.76
752,8
702,10.71
687,11.34
687,13.87
682,11.03
712,10.39
722,9.45
782,7.37
672,12.92
697,11.66
672,14.18
692,11.34
762,8.63
677,11.97
707,10.08
702,11.66
727,8.63
777,8
762,8
797,8
697,10.71
707,10.08
682,11.97
802,8
732,11.97
757,8.32
717,10.71
777,7.37
712,10.08
687,11.34
687,11.03
677,12.29
797,8
747,8.63
707,10.08
742,10.08
687,11.66
727,9.45
692,12.22
762,7.68
702,10.71
692,10.39
662,12.92
672,12.92
667,12.92
797,8
742,8.32
732,11.97
662,13.87
662,13.55
727,8.63
662,15.45
662,13.24
722,10.08
692,10.71
692,11.03
682,11.34
697,10.39
732,8.63
697,11.03
672,11.66
672,6
722,9.45
717,10.08
762,8
752,8.32
672,13.55
692,10.39
687,11.34
712,10.39
702,11.66
752,7.68
767,8.32
692,11.03
677,11.34
782,7.37
747,8.32
722,9.76
672,12.61
697,10.39
672,12.29
742,8.32
742,10.08
712,12.73
732,8.63
707,10.39
667,12.92
677,12.61
717,9.76
662,13.24
672,11.66
662,14.5
712,12.29
667,12.92
702,11.66
797,7.37
667,12.29
682,11.97
767,8
702,10.71
677,12.61
692,13.79
782,7.37
687,11.34
707,10.08
672,11.66
712,9.76
762,8.32
717,9.45
772,8
727,9.45
712,9.45
707,9.76
702,10.39
777,8
707,9.76
717,10.08
697,10.08
767,7.68
767,8
672,12.29
727,8.63
722,9.45
687,10.71
692,11.03
662,12.29
677,11.97
662,13.24
662,15.45
717,11.03
717,11.03
742,8.32
722,10.08
717,9.76
702,10.08
737,10.39
662,13.24
762,8.63
687,11.34
707,10.08
697,10.71
667,12.29
682,11.03
697,11.34
727,8.32
682,11.34
727,8.63
757,8.63
812,7.68
687,11.03
697,12.53
707,10.39
722,9.76
682,11.34
747,8
722,8.63
662,12.92
677,11.97
722,9.45
702,10.39
682,11.03
687,11.03
702,10.39
682,12.29
667,12.29
702,10.71
702,10.08
692,11.97
717,11.28
732,9.45
667,12.29
747,8
697,10.71
677,11.66
667,12.61
762,8.32
807,7.37
687,11.66
812,8
672,12.29
687,11.03
712,9.76
747,8.32
757,8.32
667,11.97
672,12.29
672,12.61
742,8.32
682,11.34
662,12.61
757,8.32
682,12.86
662,12.29
702,12.87
687,12.29
722,9.45
687,13.55
717,9.76
747,8.63
697,10.39
667,13.24
687,11.03
722,10.08
722,9.45
697,10.08
667,13.24
742,8.32
677,11.66
692,10.39
677,11.66
707,11.03
717,11.03
712,9.76
687,13.87
717,9.7
737,8
752,8
762,8.32
772,7.68
682,11.34
707,10.01
667,15.38
672,11.91
727,12.22
682,12.22
702,10.01
677,11.91
752,8
682,12.22
687,11.28
687,11.28
677,12.54
677,11.28
707,11.91
757,8
682,11.59
667,13.8
692,11.59
702,12.86
697,10.96
732,8.63
717,9.7
727,9.76
697,10.64
787,8.63
667,13.49
707,9.7
762,8
677,12.22
732,9.7
697,10.96
682,12.54
672,11.91
677,12.86
712,12.22
737,8
722,10.64
727,10.33
697,10.71
662,15.7
712,10.96
667,13.17
712,10.33
662,13.17
707,10.01
677,12.22
662,13.8
707,10.96
742,8.32
737,8.32
677,12.22
667,12.54
702,11.28
702,10.33
682,12.86
662,14.75
782,7.68
697,16.01
682,11.28
672,12.54
762,8.63
687,11.91
687,10.96
712,9.7
722,10.96
662,15.07
692,11.59
677,13.17
677,12.22
662,15.07
687,11.28
707,11.28
752,9.7
717,10.01
722,8.32
702,13.17
742,11.91
722,10.33
687,11.28
692,14.75
717,11.28
732,10.96
682,11.59
672,12.86
667,13.17
757,8.32
742,8.32
677,11.91
687,11.91
682,14.12
667,16.33
757,9.7
682,11.91
747,9.7
662,14.75
752,10.33
672,16.33
697,10.96
707,11.91
677,12.22
662,12.86
687,10.96
722,10.96
712,10.96
712,10.33
677,12.22
777,8.32
677,12.22
732,8.32
722,12.22
672,16.96
677,11.91
722,10.96
752,8
697,11.46
707,11.59
722,10.01
667,15.38
787,7.68
697,11.28
772,10.33
752,8.32
752,8.32
682,11.28
687,11.28
707,11.59
752,8.32
782,7.37
702,12.54
742,12.21
782,8
687,11.59
672,13.8
697,10.33
742,8.63
697,10.96
717,10.01
687,11.28
682,14.12
742,8.63
782,8.32
722,11.28
727,8.63
712,11.28
662,13.8
682,11.59
662,13.49
692,11.28
672,12.86
687,11.59
757,7.68
697,11.28
667,12.86
667,13.04
757,8
792,7.68
727,10.01
702,10.33
697,10.96
662,14.12
667,12.72
707,10.51
707,11.46
712,12.09
712,10.83
717,11.78
727,10.51
742,10.83
747,12.41
722,10.51
667,15.88
752,9.07
732,10.2
742,9.07
747,10.83
752,9.07
722,8.32
802,10.2
677,12.72
697,11.14
687,13.36
742,9.07
707,11.46
672,15.57
682,13.04
737,9.38
707,11.78
707,13.04
787,8
767,9.38
682,14.93
692,12.09
757,9.38
692,11.46
777,7.68
682,14.62
732,9.38
692,11.78
702,12.09
692,12.72
662,13.67
682,11.78
737,9.07
717,9.63
732,11.14
697,13.04
772,8
687,11.78
787,10.51
692,11.78
667,6
767,7.68
692,12.41
712,10.83
682,12.41
677,12.41
762,7.68
697,13.67
732,10.2
732,10.83
732,11.78
707,12.41
672,13.04
777,8
692,10.83
662,13.36
672,13.67
787,10.2
707,11.78
727,10.2
692,12.41
717,10.51
702,11.46
722,11.46
722,11.46
687,12.09
667,14.62
742,9.38
672,15.57
767,10.51
717,10.83
722,11.14
747,10.2
692,13.04
667,13.04
692,13.04
727,11.46
717,11.78
742,11.26
682,14.93
742,10.83
682,12.41
662,14.42
782,9.07
722,10.51
722,10.2
672,13.67
707,10.2
722,11.14
687,13.67
772,10.51
712,11.78
697,12.41
662,14.93
707,10.51
817,8
717,10.83
712,10.83
682,14.93
762,11.48
752,10.2
767,9.38
722,11.78
712,12.72
757,10.51
752,10.51
702,12.72
727,9.07
717,10.2
662,13.99
682,11.46
717,11.78
722,12.41
702,11.46
722,15.25
702,11.14
667,13.67
822,8
717,10.83
772,10.83
682,13.67
687,12.72
662,13.99
662,14.3
682,14.42
747,9.07
667,14.3
762,14.26
757,11.46
677,13.04
677,12.41
772,8
727,10.83
662,14.3
697,13.04
662,15.25
737,10.83
712,12.09
682,12.72
702,11.14
697,13.67
692,11.46
727,10.51
682,11.78
727,11.46
762,10.51
712,10.83
762,12.41
682,12.72
692,13.99
762,8
702,11.14
707,11.46
662,13.99
712,12.41
767,8
677,12.41
717,11.14
702,13.99
727,11.46
662,13.67
782,7.68
737,10.83
672,15.57
752,9.07
697,11.14
702,10.83
722,11.14
717,11.78
707,13.47
707,10.83
697,10.83
677,12.41
662,13.67
712,11.14
667,12.72
662,14.93
762,7.68
687,13.36
727,11.78
707,11.78
772,9.38
672,13.99
692,13.92
662,19.04
692,12.09
697,13.36
757,8
777,7.68
807,9.07
692,11.78
717,10.51
677,13.99
687,15.57
702,11.14
662,13.36
742,9.07
727,11.46
692,12.09
782,11.14
692,13.67
702,12.41
757,10.51
702,10.51
682,11.46
667,18.72
717,10.2
717,11.46
757,10.2
687,12.09
687,11.46
707,11.46
662,13.67
662,16.2
677,12.72
667,14.93
722,10.51
792,9.07
747,9.38
662,15.88
712,11.14
692,13.04
712,13.67
682,12.09
772,7.37
712,13.36
672,14.93
807,11.46
717,10.83
677,13.99
697,11.46
667,15.57
742,10.51
667,13.79
742,10.83
712,10.83
732,10.2
722,10.83
717,12.09
752,7.68
672,15.88
722,10.2
737,9.38
682,12.41
747,10.2
692,11.14
702,12.41
667,17.15
727,9.38
697,10.83
687,11.78
702,11.78
727,11.14
827,10.51
742,12.21
692,13.67
702,15.25
662,15.57
682,12.72
787,12.41
772,8
717,11.14
687,11.78
687,12.09
697,12.09
782,7.68
782,9.38
722,13.04
722,10.83
702,12.09
732,9.38
697,12.09
682,13.36
672,13.04
712,13.04
752,9.38
747,8
692,14.3
672,12.41
687,11.78
672,12.72
807,9.07
697,15.88
747,8
707,10.51
692,12.72
732,9.38
677,13.67
672,15.68
772,9.38
722,10.83
682,13.04
712,11.78
732,9.88
697,10.83
662,15.57
742,10.83
712,11.26
732,10.2
687,14.3
762,10.83
692,12.72
737,10.2
707,11.46
692,12.09
747,12.09
692,12.72
742,9.07
807,11.78
762,9.38
692,11.78
682,13.36
767,10.2
692,11.46
682,15.25
667,17.15
747,9.38
782,9.38
687,12.21
692,12.09
752,8
697,12.53
782,10.62
662,17.46
682,12.09
667,13.67
747,10.83
767,9.38
772,9.32
667,13.04
707,12.41
717,11.78
707,11.78
672,13.04
707,11.46
732,9.07
712,10.51
742,9.38
687,12.72
742,8
687,11.89
692,14.42
682,14.11
707,12.53
707,12.21
677,15.05
697,13.16
712,12.21
787,7.68
742,9.38
667,16
687,14.11
742,9.32
687,11.89
697,12.21
752,9.32
722,11.58
772,9.63
777,9.32
752,12.21
737,9.32
707,12.84
717,11.89
757,11.58
682,13.79
702,13.16
712,11.58
742,11.58
692,14.42
722,10.95
737,9.32
702,14.42
712,15.68
722,9.63
712,11.58
707,12.53
717,12.53
712,9.63
702,12.84
712,13.47
727,12.21
672,16.95
662,15.05
742,12.21
737,9.63
707,12.21
682,15.05
702,14.42
712,12.21
692,12.21
787,8
667,15.68
762,11.26
677,14.42
727,12.84
707,14.11
737,7.88
672,12.84
727,9.63
797,8
757,9.32
792,12.21
752,11.89
662,16
662,15.68
667,15.05
727,12.53
697,12.21
702,12.21
732,11.26
707,11.58
672,14.74
702,13.16
682,14.11
717,11.26
712,11.58
752,9.32
727,9.63
747,9.63
672,13.16
692,12.21
792,10.95
687,16.95
692,13.47
727,11.26
747,11.26
762,12.84
727,14.74
742,9.63
762,11.26
717,11.58
732,10.95
677,14.42
707,10.95
672,13.47
757,9.32
742,6
692,12.53
722,12.84
797,9.63
797,9.32
692,12.87
667,15.05
727,11.26
712,10.95
732,11.89
727,11.58
692,13.47
687,13.16
672,13.47
692,13.67
762,11.14
667,13.79
692,13.79
757,9.32
782,9.32
737,9.32
732,11.58
732,9.63
742,11.26
682,13.16
707,12.53
682,12.53
737,8
667,13.79
692,11.89
752,9.32
807,9.32
697,13.16
727,9.63
717,11.89
707,12.21
677,12.53
697,12.84
722,12.21
737,9.32
667,14.11
677,12.53
727,10.95
712,12.21
727,9.63
757,9.32
722,11.26
727,11.14
667,14.74
732,8
752,8
722,9.32
672,14.11
687,13.16
767,9.32
682,12.84
712,12.21
697,12.84
702,11.89
737,8
697,12.84
697,11.58
712,11.26
692,13.47
662,14.11
672,15.37
732,12.21
717,11.89
717,11.58
812,9.63
747,9.32
732,10.95
752,8
677,14.42
682,15.05
727,11.58
662,16.32
722,11.26
692,12.21
782,7.51
707,12.21
722,11.58
672,14.74
787,9.32
782,9.32
682,14.11
697,12.84
822,7.68
737,9.63
707,11.89
682,12.53
727,11.26
722,11.26
697,12.53
722,10.95
702,12.53
712,13.47
667,15.05
717,10.95
677,13.57
687,12.53
722,11.26
727,9.32
737,9.63
697,13.16
797,11.58
757,11.26
682,12.84
777,7.68
702,14.22
662,15.05
727,9.63
692,11.89
727,9.32
667,15.05
687,13.16
702,11.58
732,9.63
722,9.63
732,9.63
687,12.53
712,11.58
782,7.68
687,13.47
672,14.11
707,12.53
702,11.89
762,9.32
672,14.74
697,14.42
707,11.89
722,13.79
732,8
702,13.47
682,13.16
667,15.05
667,14.42
722,11.26
702,11.58
742,9.63
712,12.21
752,9.32
662,15.05
697,13.16
697,11.89
687,12.53
742,8
672,14.11
682,13.79
757,11.89
797,9.32
777,10.95
662,14.74
772,9.63
712,13.79
677,12.21
757,10.95
677,14.42
672,14.11
667,14.74
702,12.21
692,12.21
737,9.32
727,9.63
712,11.58
697,12.21
742,9.63
702,11.89
682,13.79
682,12.84
727,11.58
687,13.79
792,11.26
687,13.47
727,9.63
677,13.47
687,13.47
662,14.42
692,13.79
662,13.79
792,9.32
702,12.53
667,15.37
717,11.89
687,13.16
762,10.95
667,14.11
807,8
702,14.11
817,9.63
747,9.32
707,12.21
712,12.21
722,11.26
677,14.42
727,11.58
772,8
727,11.58
772,11.26
672,13.47
662,16.32
697,12.18
677,15.05
682,13.79
777,9.63
717,11.89
717,11.89
812,9.63
727,11.58
677,14.74
732,9.32
752,9.32
752,13.16
672,16.32
682,14.11
767,9.32
692,13.47
692,13.47
747,12.53
677,15.37
732,10.95
722,12.53
682,14.42
702,12.84
722,11.58
752,7.68
732,9.63
677,14.11
682,14.11
717,11.89
782,9.63
727,9.63
762,8
712,12.21
667,15.68
672,14.74
692,13.47
667,15.05
662,16.63
677,16
707,13.16
687,13.79
717,11.89
687,14.42
687,13.47
752,8
712,12.53
802,7.68
697,12.84
702,13.16
732,9.32
722,10.95
702,14.42
742,11.58
742,11.26
682,15.68
782,9.63
702,12.84
662,16
682,14.42
692,14.11
752,10.95
692,15.68
732,11.58
702,13.47
682,16.95
682,14.42
692,12.53
737,9.63
702,13.47
662,15.37
767,13.79
777,9.32
682,13.47
687,14.11
717,10.95
677,15.37
767,8
737,11.26
672,17.26
712,12.53
692,14.11
672,15.05
682,14.42
687,13.79
797,8
727,9.63
722,12.53
817,8
727,12.53
747,11.89
762,13.47
752,9.63
752,11.89
667,15.37
732,12.53
782,11.89
702,13.16
777,7.68
667,14.11
757,8
712,12.21
707,13.16
702,13.16
787,11.89
707,14.42
662,16
777,8
717,13.16
732,14.42
692,15.68
787,9.63
732,12.53
747,12.21
672,14.11
687,16.32
712,13.47
662,16.95
687,12.84
702,13.79
712,12.84
687,14.42
672,14.74
662,18.53
752,11.89
717,12.21
747,12.53
762,9.63
712,12.21
692,13.16
697,14.74
772,9.63
702,13.47
662,16.95
682,14.42
682,13.47
697,13.16
732,12.84
712,12.53
667,15.37
707,13.79
682,15.68
777,7.37
707,13.79
752,13.79
727,12.84
802,9.63
737,11.89
682,13.79
742,9.32
702,13.48
727,9.63
702,14.74
757,9.32
707,12.84
682,15.05
757,12.84
732,9.63
662,16
662,16.95
737,8
717,13.16
767,8
727,11.89
707,12.84
672,15.68
777,9.63
747,11.89
667,15.68
682,13.92
782,7.37
717,9.63
697,13.79
682,13.47
722,12.53
682,14.42
697,14.42
772,9.63
667,15.37
697,13.79
702,12.53
687,13.47
692,14.11
677,15.68
717,12.53
672,16
747,9.63
677,15.05
722,12.84
687,14.42
692,15.37
732,9.63
762,8
802,8
677,14.42
677,14.11
752,9.63
677,16.95
697,13.47
752,9.63
682,15.31
727,9.63
727,9.32
682,14.11
667,16
702,12.87
777,9.63
722,9.63
722,12.84
697,13.47
687,13.47
707,12.84
672,13.79
762,8
757,8
722,11.89
742,13.16
752,9.32
777,7.68
702,14.11
802,8
757,11.89
707,11.89
752,11.89
677,15.05
707,13.47
722,11.89
677,14.11
682,14.74
762,9.63
692,14.42
767,12.21
662,16.35
737,11.89
717,9.63
707,12.21
732,11.89
672,17.9
667,16.63
692,13.47
707,13.47
777,12.21
687,13.16
692,15.05
692,13.79
677,14.74
727,11.89
667,16.32
687,13.79
687,14.74
692,15.05
732,12.53
707,12.84
707,13.47
687,13.47
722,9.63
677,15.68
717,11.89
747,11.89
797,9.63
782,8
707,11.89
802,8
662,15.05
747,9.63
717,12.53
742,11.89
667,15.05
672,16
717,13.16
697,13.47
802,12.21
667,15.05
682,15.05
682,13.47
687,15.37
762,9.32
732,12.21
727,9.32
687,14.42
702,12.53
717,9.63
787,7.68
777,7.68
737,12.21
717,12.84
672,14.42
677,16.95
717,12.21
667,16
797,9.63
722,9.63
727,9.32
667,17.58
697,14.11
717,12.84
717,12.21
667,16.32
677,14.74
732,9.63
732,12.84
692,16.63
692,13.79
747,12.21
722,9.63
687,15.37
712,12.53
717,13.16
677,14.42
777,7.37
737,9.32
787,7.68
737,13.79
792,8
747,12.84
692,12.84
707,12.53
712,11.89
687,13.47
702,13.47
672,14.42
712,12.21
697,13.16
767,9.63
727,9.63
697,18.43
712,12.84
737,9.63
687,13.79
712,13.47
727,12.84
682,13.79
667,16
677,15.05
762,9.32
702,14.11
682,13.79
752,9.63
742,9.63
752,9.32
777,9.32
672,15.05
762,9.63
667,16.32
702,15.37
667,15.68
672,14.42
712,13.16
722,12.53
697,13.47
677,14.11
702,13.16
702,13.79
767,7.68
677,14.74
697,12.53
722,12.21
747,12.53
772,7.37
687,14.74
697,14.42
667,16.95
742,12.21
692,13.79
762,9.32
697,15.05
672,18.21
692,14.42
672,18.53
737,12.53
787,12.84
762,12.21
702,12.53
682,13.79
747,12.21
712,14.42
702,13.79
687,13.79
667,16.32
727,12.21
687,13.47
752,8
707,13.47
797,7.68
672,15.37
757,9.32
712,14.11
677,14.11
712,11.48
752,9.63
727,9.63
717,9.63
687,13.16
717,12.84
697,14.11
702,13.79
737,9.32
667,16
737,9.32
697,12.84
672,16.63
692,14.42
707,12.21
717,9.63
742,9.32
702,13.16
672,14.11
772,12.21
752,11.89
692,15.05
767,7.68
762,12.84
737,9.63
697,14.42
712,12.84
747,9.32
712,11.89
677,15.05
687,13.79
677,15.37
702,12.84
742,9.63
737,12.21
702,12.53
687,13.79
777,7.37
687,13.47
667,16.63
682,14.74
687,12.84
672,14.42
682,14.11
672,15.68
697,12.53
682,12.84
712,13.16
727,9.32
677,15.68
677,14.11
727,12.53
742,9.32
687,13.47
692,12.84
712,12.53
767,12.84
767,8
692,13.16
697,13.16
717,13.16
662,16.32
692,13.47
682,13.79
737,8
682,14.11
667,15.05
747,9.63
737,13.16
767,8
662,14.74
742,9.63
677,14.74
692,13.47
792,8
692,14.74
717,13.16
782,9.63
742,9.32
712,12.21
707,14.42
672,14.74
732,11.89
762,13.47
742,9.32
712,11.83
792,11.89
732,9.32
692,12.84
777,9.32
687,14.42
787,9.63
822,8
712,13.79
702,14.74
702,13.79
692,13.16
672,14.74
722,14.42
722,12.84
772,7.68
717,12.53
662,17.26
662,15.05
717,13.16
687,13.79
732,13.47
717,12.21
687,14.42
772,7.37
667,16.32
822,7.4
687,14.11
717,12.84
692,13.47
707,13.79
757,13.47
727,9.32
667,15.68
762,9.63
752,8
697,14.74
732,12.53
782,7.68
662,15.37
747,9.63
677,13.47
667,17.26
677,14.74
742,8
682,13.79
752,7.68
702,12.53
682,16.32
702,13.47
702,13.47
702,12.84
747,8
692,12.84
687,15.05
692,10.95
682,14.11
692,10.95
682,14.74
712,15.37
672,14.74
682,15.05
707,13.47
767,14.11
697,13.47
782,7.37
727,9.63
737,8
742,9.63
807,8
702,12.21
742,9.63
762,9.32
687,13.47
702,12.84
682,13.79
692,13.16
742,9.32
682,13.79
737,12.21
742,9.63
727,12.53
677,16
692,13.79
662,16
712,11.48
722,11.89
672,15.05
772,7.37
722,13.16
682,13.79
672,14.74
717,12.53
752,11.89
687,16.95
772,9.63
697,13.47
772,8
732,9.63
787,8
687,13.16
702,13.16
732,7.37
752,7.68
662,16
747,9.32
682,14.11
762,12.21
697,16.35
772,13.16
717,12.21
667,15.37
777,7.68
717,8
742,13.47
747,12.84
732,11.89
677,13.16
732,13.16
692,13.79
702,13.47
727,7.37
787,8
807,9.63
672,12.53
762,12.53
667,15.37
792,12.53
722,13.16
712,12.53
712,13.79
732,9.63
682,15.68
677,16.63
682,14.42
757,8
682,14.11
717,12.53
722,11.89
712,16
672,14.74
717,12.84
732,9.63
687,13.79
672,14.74
677,14.42
697,12.53
682,14.11
762,9.63
667,15.37
722,13.16
707,14.11
697,14.11
667,17.58
722,11.89
672,16.63
712,12.21
732,11.89
677,14.11
747,9.32
722,12.84
677,12.21
787,9.32
702,14.11
752,12.21
682,14.26
737,9.63
667,16
687,16
667,16.63
682,15.05
682,14.74
762,12.53
697,14.42
697,13.16
727,7.37
752,8
727,13.47
727,9.63
727,11.89
667,14.74
737,9.32
757,11.89
737,14.26
757,7.68
742,7.37
787,9.63
702,13.16
782,9.32
787,12.53
727,11.89
672,15.68
697,13.47
682,12.84
707,13.16
772,8
697,13.79
802,9.63
722,9.63
672,16.32
747,12.21
662,15.68
737,7.68
787,12.21
732,9.32
737,9.32
672,15.05
757,15.68
707,14.11
732,12.53
742,12.21
707,12.53
702,13.16
687,13.47
672,14.74
742,8
727,8
772,12.84
687,14.74
677,15.68
737,9.63
662,16.32
757,8
697,13.16
662,15.68
727,13.16
752,12.21
662,18.21
722,11.89
662,16
717,12.84
707,13.47
717,12.21
777,8
782,8
757,12.84
752,15.05
732,13.16
722,7.68
807,9.63
757,8
697,13.47
757,9.63
692,16.32
677,14.11
722,13.47
737,9.63
687,15.05
772,12.21
687,12.84
732,13.47
717,12.84
742,9.63
697,14.42
757,8
782,12.21
672,15.37
677,14.74
747,9.32
777,9.32
787,12.84
692,17.26
697,14.42
742,12.21
682,14.11
662,16.32
697,13.79
757,9.63
697,14.74
727,6
662,16.95
692,13.79
712,12.18
692,13.47
802,9.63
702,12.84
722,12.53
662,14.96
707,13.47
667,15.05
747,9.32
777,9.32
707,12.53
782,12.21
672,15.05
677,14.42
672,15.05
702,12.53
747,11.26
727,13.16
687,13.47
667,15.05
682,14.11
692,13.47
737,13.47
707,13.79
692,14.42
717,12.21
707,13.16
697,11.58
697,13.79
702,14.11
697,13.47
727,13.16
762,9.32
742,9.32
697,14.42
672,14.11
752,9.32
772,11.89
712,13.79
802,7.68
762,12.53
692,13.79
792,8
667,15.68
757,9.63
702,13.79
797,7.68
672,16.32
692,10.95
702,16
712,11.89
722,11.89
712,12.84
687,14.74
747,12.21
667,15.68
707,13.16
712,12.53
697,13.79
667,16.32
677,14.74
702,13.16
702,13.16
687,15.37
692,14.74
757,8
692,14.11
737,11.89
672,15.37
682,16.82
777,10.95
662,15.68
677,16.35
787,8
707,12.84
687,14.74
712,12.53
722,13.47
757,9.63
812,7.68
682,13.16
672,14.42
712,12.21
662,17.26
692,14.11
667,15.05
662,15.68
757,9.32
682,14.42
727,12.53
677,17.26
782,12.21
782,8
762,7.37
712,12.21
762,9.32
667,16.82
662,15.37
792,9.32
762,7.88
692,13.47
702,13.16
692,13.79
682,14.42
747,9.63
712,14.42
662,15.37
677,16
747,11.89
702,15.37
712,15.05
712,15.37
717,12.53
672,16
802,9.32
672,14.74
752,9.63
662,16
742,15.65
687,16.63
667,14.42
697,13.16
697,13.79
772,8
747,9.63
717,9.63
702,14.11
762,7.68
697,14.11
722,12.84
682,15.05
727,14.11
687,13.16
667,15.37
742,9.63
722,7.68
762,9.32
687,13.47
797,8
777,7.74
687,15.37
672,16.63
772,8
757,9.63
702,12.53
737,11.89
742,12.84
697,14.42
662,15.05
727,13.22
732,12.53
702,12.84
667,16.32
752,12.84
702,12.53
727,12.53
772,7.37
752,8
732,11.89
677,11.89
767,12.84
717,12.21
687,13.79
672,14.42
712,9.63
682,16.63
712,12.84
747,9.63
742,7.68
687,14.42
662,16
747,11.89
742,8
782,8
727,12.21
722,12.21
702,14.11
797,11.89
757,8
727,12.21
677,14.74
782,7.68
732,12.21
677,13.92
707,12.84
687,14.74
677,13.79
752,9.32
697,13.16
692,13.16
687,12.84
762,9.32
712,7.68
712,8
707,12.84
687,13.47
782,9.32
742,12.21
702,16
762,8
662,15.68
687,14.11
807,12.21
727,12.84
667,20.86
747,7.68
737,9.63
677,14.74
737,12.21
737,12.21
777,9.63
682,13.79
767,9.32
772,8
662,15.37
737,11.89
667,16
687,13.16
692,13.79
762,9.63
717,12.21
742,12.53
772,7.37
777,8
787,9.63
667,17.58
732,12.21
742,11.89
732,13.79
677,14.74
677,15.68
757,13.16
702,14.11
687,12.84
782,9.32
712,8
772,12.21
792,9.63
722,13.16
737,9.32
712,13.47
717,9.63
792,8
682,14.42
732,13.16
682,14.42
732,13.16
677,13.79
762,12.53
722,11.89
812,9.63
677,16
767,8
717,11.89
782,9.32
682,14.74
672,14.11
722,12.21
712,11.89
757,9.32
662,17.58
692,13.47
732,11.89
722,13.47
707,13.47
777,9.63
667,15.68
677,17.26
687,13.47
682,13.47
697,13.16
777,9.63
677,13.79
737,9.32
712,13.16
752,11.58
667,14.74
757,9.63
707,12.84
687,13.16
787,9.32
722,13.47
737,9.32
707,12.53
757,9.32
747,9.63
737,10.95
687,16
707,13.79
672,16
752,8
767,9.63
692,14.11
717,9.63
687,13.79
727,11.89
667,17.26
747,8
667,15.37
737,13.16
747,7.68
752,11.58
777,8
722,12.87
712,9.32
757,11.26
752,11.89
752,7.68
697,12.53
682,13.79
747,7.68
702,12.21
667,14.26
752,9.63
682,14.11
732,9.63
742,12.53
762,12.21
752,12.18
702,12.21
752,12.53
752,7.68
732,11.26
752,11.58
712,11.26
722,9.63
702,12.84
752,16
732,9.32
747,11.58
732,9.63
742,11.26
707,11.58
707,11.58
722,9.63
747,9.32
692,13.47
717,9.63
697,15.37
682,13.16
757,10.95
707,11.26
712,10.95
787,9.32
732,11.58
687,12.53
697,12.21
697,14.74
687,13.79
692,12.21
707,10.95
747,11.26
697,12.21
702,12.21
697,12.53
702,13.47
807,8
697,13.16
722,11.58
752,9.63
787,8
767,12.53
717,12.21
742,11.26
757,8
727,10.95
692,14.74
732,9.63
702,11.89
702,12.53
717,9.63
707,12.84
767,11.89
687,12.53
712,7.68
687,12.21
782,9.63
717,11.58
692,12.21
727,11.26
757,9.32
722,9.63
732,11.26
717,12.53
687,12.53
682,15.37
722,11.26
727,10.95
692,12.21
717,12.84
692,13.16
692,11.89
737,12.21
692,12.84
767,11.26
707,14.11
682,12.84
687,12.53
767,8
682,11.26
722,15.37
702,13.92
692,13.47
702,12.21
762,10.95
747,11.26
727,12.21
752,11.58
697,12.84
677,13.47
757,7.68
692,12.21
687,13.79
747,7.51
727,11.58
737,9.63
672,13.16
692,12.84
742,9.63
697,12.53
697,12.21
717,11.58
687,14.74
732,11.89
742,11.26
742,11.89
742,9.63
697,12.21
737,10.95
737,11.89
732,11.26
702,16
752,12.21
742,9.32
677,14.61
682,12.53
747,11.89
677,14.42
687,15.05
727,9.63
782,7.68
672,14.11
682,13.47
757,12.84
712,11.89
697,11.58
687,13.79
777,8
672,13.79
722,11.58
747,11.89
767,9.32
712,11.58
752,9.63
717,11.58
712,11.58
672,13.79
722,11.26
707,13.16
772,7.68
782,8
762,7.68
707,10.95
742,9.32
722,11.26
747,9.32
737,9.32
732,11.58
687,13.47
757,8
662,16.35
797,11.26
697,13.16
672,14.11
742,9.32
722,12.53
717,10.95
697,13.16
697,13.11
687,14.11
772,11.26
697,11.89
707,11.58
792,11.89
717,11.26
682,13.79
777,10.95
687,12.21
762,11.26
672,14.42
697,12.84
712,11.89
707,11.89
722,11.89
717,9.63
762,11.26
737,9.32
752,8
672,13.16
752,9.63
692,12.53
757,11.58
667,14.74
727,11.58
737,9.32
662,16
752,8
747,9.32
747,12.21
687,14.11
727,11.26
707,11.58
677,16.32
717,11.89
777,7.68
762,11.58
762,9.32
727,10.95
762,9.63
747,11.58
687,12.84
777,7.68
747,9.63
687,12.84
662,17.26
697,13.79
687,13.47
802,9.32
717,12.21
742,11.26
707,12.84
687,12.84
717,11.58
782,9.32
692,12.53
737,10.95
772,8
722,9.63
692,13.16
702,13.16
757,8.94
662,15.37
702,11.89
662,14.42
747,8
742,8
742,13.16
667,13.79
782,9.32
692,13.16
692,13.16
712,11.89
752,11.58
717,11.89
687,13.47
677,15.68
667,14.11
742,11.58
717,15.68
697,11.89
792,11.26
682,13.79
722,11.26
682,13.79
727,11.89
727,9.63
682,13.47
707,12.53
697,12.84
752,8
742,10.95
697,13.16
682,12.53
687,14.26
737,11.26
697,13.47
702,12.53
742,9.32
667,14.42
702,15.68
712,11.58
757,8
707,12.21
732,9.63
737,9.32
742,10.95
762,9.63
772,9.63
702,11.58
697,12.53
722,10.95
762,9.32
732,10.95
697,13.16
732,9.32
697,13.47
692,12.21
727,11.89
752,9.63
757,12.21
692,12.84
702,11.89
687,11.89
752,9.32
712,11.58
717,12.21
702,12.53
732,11.26
727,12.53
677,15.05
732,11.26
762,9.63
672,14.11
662,14.42
692,13.16
682,13.79
672,13.22
732,11.58
717,10.95
672,13.16
752,9.32
687,12.84
797,10.95
672,13.47
752,11.58
697,11.89
767,9.63
722,9.63
752,11.14
667,14.74
662,15.37
692,12.53
762,10.95
717,12.21
777,9.63
702,11.89
777,9.32
707,12.53
692,12.21
687,13.79
702,11.89
687,12.53
772,10.95
702,13.16
717,10.95
717,11.26
797,9.32
702,13.57
687,11.89
707,12.53
712,11.58
767,8
677,12.53
717,11.26
757,8
692,12.21
702,14.96
757,9.63
757,9.63
667,14.42
662,13.79
707,12.21
717,12.21
707,12.21
722,11.26
682,13.79
667,13.47
792,9.32
667,14.42
777,10.95
697,11.89
702,12.21
682,13.92
682,12.53
712,11.58
742,11.89
722,12.21
697,12.84
692,12.84
697,13.47
672,14.11
717,12.53
777,7.68
692,12.84
692,11.89
672,13.47
697,12.84
697,12.53
707,13.79
717,11.89
677,15.37
727,12.21
737,9.32
737,11.58
732,10.95
747,11.58
712,11.58
742,9.63
797,10.95
707,11.89
762,9.63
672,14.42
722,14.42
702,14.74
682,13.16
707,12.84
687,11.89
787,7.37
677,14.11
672,17.26
772,7.68
692,11.89
732,10.95
742,11.26
682,13.22
702,14.42
777,7.68
737,10.95
682,13.47
767,8
697,13.16
717,12.21
732,9.63
682,13.16
682,14.74
722,13.16
727,11.26
737,9.32
687,12.84
697,11.89
737,11.89
717,10.95
667,16.32
667,14.42
792,7.68
692,11.89
727,12.21
697,13.16
732,11.26
667,14.42
687,13.79
767,9.32
742,10.95
757,8
697,11.89
762,11.89
737,9.32
762,8
687,12.21
782,9.32
707,11.89
727,12.21
662,14.11
722,10.95
662,15.05
677,14.42
747,8.94
737,9.32
712,11.58
772,7.68
702,12.21
722,11.58
697,11.89
697,13.16
702,12.84
777,7.68
707,13.79
782,9.32
717,10.95
697,11.89
712,13.79
742,10.95
682,13.57
722,12.21
702,12.21
762,9.32
697,11.89
752,9.32
707,12.84
672,14.74
697,13.16
692,13.47
662,16.32
692,13.16
782,7.68
777,9.32
807,8
757,11.26
702,11.89
737,9.63
687,12.84
712,11.89
732,9.32
717,12.21
747,9.63
742,9.63
727,12.84
767,8
717,11.83
677,13.79
732,11.26
742,11.26
717,11.89
727,11.58
752,9.63
747,11.58
682,12.53
697,13.47
702,12.21
792,8.59
782,8.94
682,18.43
712,12.84
722,11.26
752,8
742,9.32
732,11.89
687,12.53
807,7.68
717,12.21
702,11.89
662,16.95
777,8
747,12.21
727,9.32
682,15.05
702,12.84
697,11.89
732,12.84
787,11.58
742,9.32
717,12.53
752,9.32
717,11.89
807,11.58
682,13.16
697,13.16
767,8
762,8.94
672,14.11
662,14.11
787,9.32
682,13.79
707,11.26
722,11.58
742,12.21
697,12.84
687,12.53
672,13.47
722,12.84
757,7.68
712,11.89
802,9.32
697,13.79
782,7.68
742,11.26
692,12.21
732,9.32
682,13.79
677,13.79
687,12.53
662,19.16
782,9.32
687,13.16
757,7.68
662,14.42
787,9.63
762,10.95
702,12.21
712,11.89
722,11.26
687,13.47
707,12.84
722,10.95
737,9.32
682,14.61
757,11.14
732,9.63
807,9.63
712,14.74
747,9.63
707,11.89
797,9.32
742,11.26
737,11.14
687,15.05
777,7.68
662,16.95
737,9.32
682,12.53
707,13.16
687,13.47
752,11.58
692,14.74
712,11.89
792,10.95
747,9.32
747,11.26
722,10.95
707,13.47
702,11.89
692,12.53
727,11.89
712,18.84
737,9.63
762,11.58
667,19.16
752,9.32
717,11.26
692,11.58
722,10.62
662,14.42
762,8
737,12.21
712,18.84
672,14.11
687,15.05
662,19.16
727,9.63
697,12.21
727,11.58
742,9.63
807,8
672,13.47
762,9.32
742,11.58
697,12.53
722,12.21
662,14.11
667,15.68
777,9.32
752,9.63
677,16.32
662,16.32
707,11.58
717,10.95
747,9.32
667,18.21
677,14.42
707,11.89
692,11.58
737,9.32
697,13.22
717,11.26
682,14.11
727,10.95
742,11.58
712,11.26
802,8
727,11.89
752,8
707,12.53
782,8
727,9.63
677,14.42
662,15.05
717,10.95
762,11.58
742,12.84
697,13.16
692,13.47
762,8
707,12.18
727,11.89
687,12.53
752,10.95
782,9.32
682,12.53
767,9.32
677,13.47
777,8
662,16.07
667,20.11
697,12.84
687,13.16
707,14.11
732,9.32
672,18.21
772,8
787,11.26
712,12.18
707,11.58
662,14.11
662,14.74
692,12.84
682,13.79
712,10.95
672,12.84
742,10.95
747,8
732,9.32
732,9.63
697,14.42
767,8
727,9.63
722,17.9
702,11.58
682,12.84
717,11.26
732,9.63
747,9.63
717,11.58
807,8
727,11.14
667,16
742,9.32
677,14.11
672,13.47
682,13.47
742,9.63
697,13.47
797,9.32
732,9.63
692,13.79
697,11.89
762,11.58
737,9.32
662,16.32
722,12.87
697,13.47
732,12.84
672,14.42
692,13.79
767,9.32
692,13.47
757,9.32
717,12.53
762,10.95
802,8
667,16.95
782,11.26
697,17.58
672,13.16
707,11.89
697,13.47
702,13.47
712,12.53
662,15.68
747,11.26
722,11.58
802,9.32
682,12.53
727,9.63
707,11.58
732,12.53
722,11.26
747,11.26
742,16.63
707,18.84
762,7.68
737,9.32
692,11.89
692,14.11
722,12.53
737,8
717,15.05
717,9.63
747,9.32
712,12.21
687,12.21
812,9.32
762,9.32
747,8
707,11.89
727,12.18
787,11.26
672,13.47
672,12.84
762,9.63
752,11.58
727,11.58
707,12.21
777,9.32
677,14.11
727,12.21
797,7.68
727,9.32
687,13.79
717,10.95
717,13.16
717,10.95
717,11.58
687,13.79
702,12.53
742,12.21
667,15.37
722,11.58
722,12.21
712,12.21
692,13.16
727,9.63
737,8
747,8.94
752,9.32
712,15.65
692,12.21
697,12.53
662,14.74
737,9.32
712,11.58
747,9.32
692,12.21
707,13.16
762,8
727,9.63
687,16.95
697,13.16
692,12.53
747,8
752,11.48
722,12.21
777,9.32
752,9.32
732,9.63
662,16.32
712,12.21
677,15.05
722,11.26
692,13.79
742,9.32
687,12.84
737,9.32
702,14.11
717,11.26
687,15.37
667,15.05
682,12.53
702,12.21
707,13.79
682,13.47
697,12.84
697,17.58
682,12.53
692,17.58
742,8.94
697,12.21
752,8
762,8
662,16
692,13.57
702,11.89
802,9.63
702,13.16
692,13.16
712,10.95
722,10.95
687,16.32
727,9.63
772,11.58
757,8
687,12.53
667,15.05
767,9.63
712,11.89
682,12.84
682,14.61
717,11.89
702,12.21
722,10.95
672,13.79
722,11.26
797,9.32
717,9.63
787,15.37
687,13.16
742,11.26
722,7.88
687,12.84
672,14.74
712,12.53
682,13.47
742,10.95
687,12.21
687,13.79
777,9.63
687,12.21
692,12.87
747,9.63
772,8
742,9.32
712,17.58
687,12.84
707,12.21
682,14.11
752,8.94
767,9.32
752,8
662,14.42
682,13.47
682,13.79
697,12.21
772,9.32
747,12.53
707,11.89
687,13.48
702,11.26
752,11.58
667,17.26
752,8
762,8
717,12.84
782,7.68
712,11.89
732,12.21
687,13.16
662,14.42
757,9.63
672,15.05
692,12.21
712,12.84
677,15.68
712,12.84
742,8
697,12.53
672,14.42
707,10.62
752,10.95
742,11.26
742,11.26
757,11.26
752,9.63
717,12.84
682,12.84
707,16.7
692,12.53
737,9.63
752,12.84
737,9.32
672,15.37
662,14.74
727,11.58
687,15.68
717,11.58
697,12.53
797,7.68
687,14.74
702,13.16
677,13.47
722,12.84
752,13.16
702,13.16
707,12.53
717,12.21
677,13.57
702,12.21
737,9.63
682,13.16
662,15.37
762,12.18
742,9.32
662,20.11
687,13.79
722,11.26
727,10.95
667,14.11
712,11.26
727,9.63
807,9.63
727,10.95
662,15.05
712,14.74
742,15.31
732,10.95
672,16
697,11.89
737,9.63
732,11.26
737,11.89
717,11.89
797,7.4
752,11.89
742,11.14
782,9.63
682,14.11
687,13.16
737,12.53
682,13.16
722,9.32
672,18.53
697,13.16
722,11.83
717,11.58
727,11.89
662,16.32
682,12.53
667,14.26
727,10.95
682,14.11
712,11.89
717,18.53
717,10.95
677,15.37
762,11.14
687,15.05
702,12.21
707,12.53
702,16.95
697,16
707,12.21
787,7.37
762,9.63
717,11.14
687,12.53
727,11.58
772,9.32
752,7.68
712,11.58
687,12.84
752,11.26
667,13.47
717,10.95
667,14.11
717,11.83
732,11.48
687,12.84
667,13.16
777,8
777,8
747,9.32
742,11.83
692,12.21
692,13.22
757,9.63
692,19.79
732,9.63
732,11.89
667,14.11
672,13.79
797,7.37
757,8
737,9.63
697,12.84
782,9.32
762,9.63
707,13.57
817,10.95
732,8
772,11.89
752,9.32
742,11.48
697,12.84
662,16
762,11.58
757,7.68
702,12.53
742,9.32
672,13.79
707,13.16
762,9.63
697,12.21
702,13.16
707,11.89
692,13.22
712,14.11
762,8.59
742,11.89
707,15.37
727,11.48
667,16.63
682,15.68
697,12.84
682,13.16
752,9.32
692,12.53
787,7.4
737,9.32
702,11.26
742,8.94
742,12.84
692,13.92
692,12.21
682,16
752,8
677,15.31
692,12.84
707,13.47
682,14.96
747,8
712,11.83
717,12.53
742,8.94
667,14.26
702,11.48
677,13.22
682,12.87
707,12.87
732,8.94
737,8.94
672,17.39
697,12.18
697,11.83
727,8.94
697,13.92
692,13.22
682,12.53
677,14.26
727,11.14
677,13.92
737,11.14
767,8.94
677,13.92
712,15.65
677,13.57
752,11.83
682,13.22
767,11.48
722,12.18
722,11.14
747,7.74
692,13.22
707,12.87
752,8.94
692,12.87
682,12.53
742,8.94
732,8.59
687,14.26
742,11.48
737,8.59
712,13.22
712,8.94
702,16.7
757,8.59
707,12.53
677,13.92
742,11.83
712,11.48
687,12.53
787,7.74
697,14.96
742,11.14
742,11.48
757,7.74
757,11.83
792,8.59
712,12.18
697,14.61
702,12.87
792,7.74
747,11.48
737,8.59
727,15.31
797,7.74
682,12.87
677,13.22
797,7.74
767,7.74
682,12.87
767,8.59
727,12.18
662,16
737,8.59
737,8.59
687,12.53
677,13.16
707,13.92
682,13.57
747,16
752,7.74
677,15.31
722,15.31
682,13.57
692,12.18
762,7.74
702,17.04
692,12.53
707,11.48
737,11.83
712,11.14
692,13.22
697,11.83
662,17.39
702,13.57
762,11.83
677,13.92
772,8.59
732,11.48
682,13.57
732,11.14
682,12.53
737,11.48
712,11.83
662,15.65
662,14.96
752,11.14
767,14.96
697,13.92
707,12.18
717,11.14
757,13.92
682,14.26
732,11.14
687,12.53
762,8.94
737,8.94
727,15.31
762,8.94
777,8.59
772,8.59
712,12.53
717,11.83
772,7.74
812,13.22
782,8.59
792,8.59
712,12.87
797,7.74
722,8.59
692,12.87
702,12.53
747,12.18
677,16.35
667,14.96
767,11.48
707,13.22
797,7.74
737,11.83
687,12.53
737,11.83
682,13.57
667,15.31
772,8.94
727,11.83
697,16
752,7.74
702,12.18
687,14.61
747,11.48
727,8.59
697,14.61
667,14.26
722,11.48
667,13.92
747,13.92
787,7.74
747,8.94
672,15.31
802,12.53
782,12.18
752,7.4
717,12.18
777,13.22
702,17.04
677,14.26
687,13.57
717,12.53
667,16
697,13.92
707,12.53
707,12.53
757,7.74
762,11.48
772,12.53
742,8.94
762,11.14
712,11.83
742,8.94
672,16.7
732,11.14
727,11.48
672,15.65
687,14.22
682,14.26
747,8.94
712,12.18
752,11.48
662,16
677,16
667,18.43
762,8.94
717,11.48
677,14.61
722,11.48
677,14.96
707,13.22
712,17.39
757,8.94
807,8.94
737,11.83
677,14.26
672,14.61
742,8.94
712,11.14
772,7.74
737,8.94
747,11.48
682,13.92
697,17.04
697,13.22
757,8.59
742,12.18
672,17.04
802,8.59
712,12.87
782,7.74
767,8.59
707,12.18
707,11.83
687,12.53
757,11.83
777,11.48
787,11.14
782,7.74
692,13.92
702,17.04
702,13.57
772,11.83
727,8.94
707,13.22
662,14.96
732,11.48
762,8.94
707,13.57
722,11.14
747,11.48
707,11.48
682,17.04
712,12.53
672,14.96
742,11.14
662,15.31
732,8.59
707,11.14
682,14.26
672,14.61
707,11.83
682,12.53
742,8.59
692,12.87
777,7.74
692,13.22
662,19.13
737,11.48
737,8.94
787,13.22
747,11.83
667,16.35
722,11.48
677,17.04
747,12.18
667,14.61
667,13.92
767,14.61
747,8.59
692,12.87
807,8.59
702,12.53
737,8.94
772,7.74
692,14.26
772,13.92
697,16.7
772,8.94
682,13.22
732,11.48
742,14.26
667,16.35
787,7.4
732,11.83
757,8.94
752,8.59
712,12.53
717,12.53
712,12.87
742,8.94
727,11.83
747,13.57
717,11.83
752,7.74
782,7.74
702,11.83
742,8.94
667,15.31
702,14.26
687,14.61
697,12.18
752,11.14
732,8.59
677,16.35
702,13.92
687,13.22
737,8.94
732,11.14
732,11.14
762,8.94
737,8.94
732,11.14
767,8.59
742,11.48
722,11.14
667,16
762,11.48
717,11.83
727,8.94
702,12.18
692,16.35
687,12.18
662,16.35
672,13.92
737,8.59
662,18.43
727,8.59
662,17.04
682,14.61
717,13.57
777,7.74
692,12.53
672,14.26
687,14.26
712,13.57
702,11.83
762,7.4
717,8.94
762,7.4
737,8.94
722,11.14
707,13.22
682,13.22
737,8.59
677,18.43
707,13.22
742,8.94
707,11.83
792,8.94
707,11.83
702,12.53
717,12.87
737,7.74
747,11.83
727,11.83
757,8.94
727,12.53
772,7.4
682,13.57
662,14.26
677,16
767,11.83
737,8.59
677,19.13
742,8.94
782,8.94
737,8.59
727,11.14
747,8.94
692,13.22
697,13.92
662,14.96
717,11.48
792,8.94
677,13.92
772,11.14
677,13.22
767,8.59
692,13.57
752,8.59
672,14.96
667,14.26
757,8.94
707,12.18
702,13.22
717,12.53
662,16.35
752,8.59
762,8.94
707,12.18
677,14.26
667,14.26
732,8.94
767,14.61
692,16
717,8.94
662,14.96
687,12.87
777,7.4
732,16.35
712,14.96
682,13.57
767,7.4
737,7.74
712,12.87
667,18.43
697,12.53
692,17.74
742,11.14
672,13.22
682,13.92
722,12.53
672,14.61
732,8.94
702,17.74
707,12.53
727,12.18
757,8.94
792,7.05
752,7.74
722,16.7
742,11.83
757,8.59
707,11.83
737,8.94
692,13.22
732,11.14
772,7.4
772,7.4
732,8.94
737,7.74
682,13.22
707,13.57
742,8.59
727,8.94
702,15.31
702,12.87
737,12.18
687,13.22
767,8.59
757,8.94
702,13.22
732,7.74
687,12.87
682,13.22
742,8.94
797,7.74
747,11.83
737,7.74
732,11.48
707,12.87
777,8.59
762,7.74
742,8.94
682,13.57
692,14.26
752,8.59
752,7.74
692,13.22
712,12.53
772,12.18
712,12.18
722,12.18
752,11.14
767,11.48
707,11.48
742,8.59
702,13.57
752,11.48
792,7.74
717,11.83
722,8.94
707,11.14
722,11.83
772,7.4
757,11.48
692,13.92
732,11.83
697,12.87
732,15.65
667,15.31
752,7.74
747,16.35
762,7.74
707,11.48
747,8.94
677,17.74
717,12.53
772,8.94
742,8.59
727,11.48
757,8.94
702,12.18
792,11.14
692,14.26
717,12.18
692,12.53
727,8.94
692,12.87
747,11.83
727,8.94
732,11.14
752,14.61
667,14.96
687,14.61
672,14.61
702,16
697,12.53
757,7.74
727,11.14
752,7.74
717,11.83
792,11.48
732,11.83
737,8.94
762,14.96
682,14.61
692,13.57
697,11.83
697,13.92
687,12.53
802,8.94
672,15.65
722,16.35
677,16.7
717,12.18
677,14.26
672,17.04
752,8.94
792,8.59
672,15.65
672,18.78
752,11.14
752,11.48
757,11.48
692,12.53
747,8.59
722,12.53
692,12.87
742,11.14
797,8.59
702,12.53
717,12.53
742,15.31
702,11.83
742,8.94
732,12.18
747,7.74
792,8.94
727,11.48
747,8.94
767,11.14
672,18.09
747,8.59
672,15.31
752,8.59
662,14.26
662,15.65
727,12.87
812,8.59
692,13.22
722,11.14
802,8.94
792,13.57
732,12.18
777,7.05
712,12.53
762,8.59
722,11.14
677,17.04
722,13.57
687,14.96
682,13.92
772,8.59
682,14.96
747,8.94
702,12.53
677,13.57
677,19.13
732,11.14
692,12.87
737,11.14
717,12.18
722,12.53
722,12.18
812,11.48
692,12.53
702,13.57
672,14.96
732,11.48
687,13.92
747,17.04
732,15.65
737,8.94
677,15.31
702,13.92
797,7.4
662,15.31
662,16
792,15.31
702,12.53
672,16.7
737,11.14
717,11.83
662,17.04
687,12.87
802,7.74
737,11.14
697,12.53
672,14.96
687,14.26
727,11.14
702,12.53
767,7.74
737,8.59
672,20.17
702,13.57
762,8.59
697,12.18
717,11.83
772,7.05
777,11.48
677,14.26
802,8.94
712,12.87
667,14.26
747,7.74
677,13.92
722,11.48
707,12.18
667,17.04
702,13.57
662,15.31
762,11.48
732,12.18
702,12.87
742,11.83
742,8.94
702,12.53
707,12.87
707,14.61
772,11.14
677,13.92
757,8.94
752,8.94
667,19.82
702,13.57
702,17.74
742,11.83
732,8.94
677,17.04
777,8.94
687,13.57
667,14.26
767,14.61
692,12.53
737,11.48
687,14.26
742,11.83
727,11.48
717,11.14
717,11.83
682,12.87
742,11.48
662,16.35
717,12.18
717,15.65
707,13.22
722,12.18
702,12.53
742,11.83
687,13.92
697,12.18
672,16.35
682,14.26
732,11.14
727,13.57
732,14.61
762,8.94
782,7.74
752,7.74
732,11.83
712,11.83
727,11.48
682,13.22
682,13.57
672,15.31
692,12.18
752,7.74
777,8.94
692,12.18
687,14.26
692,13.57
687,12.87
687,13.22
717,13.22
762,8.94
712,12.53
767,11.14
692,12.87
742,12.18
707,12.87
757,7.4
662,15.65
677,18.09
762,7.74
737,11.48
757,7.4
792,8.94
682,13.92
727,11.14
782,7.74
742,13.92
672,13.57
717,12.53
707,12.18
757,11.14
762,16.35
712,12.18
682,12.87
692,12.87
722,12.18
752,8.59
747,11.83
757,11.48
667,19.47
772,12.53
737,11.48
737,8.59
682,14.26
732,11.83
667,14.26
767,8.59
692,12.18
697,12.18
717,12.18
722,12.18
717,11.83
717,11.48
707,12.18
747,8.59
767,11.48
752,8.59
702,17.74
707,13.57
732,8.94
722,12.87
682,12.87
737,11.48
752,14.96
787,13.57
682,17.04
742,11.48
737,15.65
677,13.92
682,16.7
717,11.14
702,12.87
732,11.83
702,13.57
777,11.48
662,16
687,12.87
697,12.53
707,12.18
772,8.59
732,11.83
737,8.94
707,12.18
687,14.26
742,11.14
777,12.87
687,15.65
722,14.96
762,11.14
727,8.94
712,14.61
792,7.74
787,7.74
732,11.83
677,17.74
732,8.59
677,13.22
697,12.87
722,11.14
667,18.43
722,11.14
697,15.31
677,14.96
737,12.18
677,13.57
742,7.74
672,13.57
792,14.96
772,8.94
682,16
697,12.18
782,8.59
717,11.83
697,12.53
697,14.61
787,7.4
767,12.18
767,7.74
777,7.74
772,7.4
732,11.83
697,14.26
687,14.26
682,16.35
677,16.7
712,12.18
682,13.57
697,16
682,15.31
752,7.74
687,16
717,11.48
662,16
787,8.94
662,16
707,13.92
732,11.83
707,13.22
727,13.92
777,7.74
702,12.53
752,15.31
692,13.92
727,12.53
702,14.61
692,14.96
742,11.83
667,15.31
687,14.26
717,8.94
717,16
712,11.14
747,11.83
667,15.31
752,11.48
717,12.87
662,19.13
687,12.53
677,14.61
737,8.59
717,12.87
712,12.18
697,13.22
717,12.53
687,12.53
682,13.92
677,13.22
712,13.57
682,13.22
692,13.57
747,7.51
677,15.31
742,11.83
742,11.83
772,8.94
747,7.4
722,12.53
702,16
772,8.94
707,12.18
662,15.31
702,12.18
727,8.94
687,14.61
707,11.83
777,8.94
692,15.65
762,7.4
722,8.94
672,16
682,13.92
687,12.53
677,12.53
717,11.14
807,7.4
727,8.59
662,16.7
742,13.92
682,14.26
742,8.59
712,13.22
677,13.92
747,12.18
692,12.53
697,13.57
712,11.83
667,16
772,12.18
757,8.94
692,14.61
812,13.22
692,14.26
757,8.94
782,7.4
757,8.59
737,15.31
692,14.26
772,7.74
697,14.96
707,16.35
687,14.26
707,12.87
667,15.65
662,17.74
727,12.53
752,8.94
747,11.83
737,11.48
752,11.83
662,14.96
667,14.96
687,13.92
682,13.22
677,15.65
707,12.87
667,16.7
777,8.94
807,7.4
742,11.83
777,7.05
682,13.92
702,13.57
757,7.4
702,12.18
707,12.87
732,8.59
712,11.14
697,13.57
692,17.04
757,7.74
687,14.61
687,14.26
667,15.31
792,7.4
697,13.22
742,12.87
807,7.4
802,7.4
727,11.14
797,11.48
717,11.83
727,8.94
702,13.22
697,13.57
702,11.83
672,16.35
742,8.94
787,8.94
677,14.61
672,15.31
697,12.53
667,15.65
682,13.57
782,8.94
722,12.18
667,18.09
717,12.53
727,8.94
782,14.96
767,8.94
682,13.92
737,12.18
712,12.18
787,7.74
707,13.22
717,12.87
682,13.92
722,12.53
702,12.53
712,12.18
702,12.87
692,19.82
757,12.53
712,16.35
777,8.94
697,12.87
737,8.59
707,12.18
702,14.96
707,14.26
747,8.94
687,13.92
772,11.14
727,11.83
697,13.92
727,11.14
762,7.74
802,11.48
682,14.26
732,8.94
782,7.74
707,12.53
812,11.48
697,15.31
757,8.94
667,16.35
687,13.22
772,8.94
692,12.18
742,12.18
692,13.22
722,12.18
722,11.14
732,8.94
667,14.61
747,16
727,12.53
727,11.14
692,12.18
672,17.04
702,12.87
697,14.61
752,8.59
662,19.13
687,15.65
717,12.87
667,14.61
712,13.92
752,12.18
702,13.57
692,15.31
747,11.14
687,13.57
747,8.94
802,8.59
717,11.48
667,14.26
752,11.83
662,16
682,14.26
802,11.14
787,8.59
692,15.65
712,11.48
737,11.83
727,12.18
692,12.53
782,16.35
667,17.39
742,8.94
742,8.94
692,12.87
747,12.18
737,8.94
732,11.14
752,8.59
707,12.53
727,11.14
752,13.22
677,12.87
707,12.87
692,12.87
742,11.83
737,13.22
697,13.22
707,17.04
662,16
767,7.4
672,17.39
707,12.18
702,18.43
757,11.83
752,8.94
717,11.48
707,14.96
682,15.31
697,12.87
737,11.14
672,13.57
702,14.26
732,15.65
737,11.14
707,15.65
697,12.18
662,16.7
702,13.22
677,13.57
742,8.59
707,12.53
692,12.87
727,11.83
737,8.94
702,13.57
722,8.94
717,11.48
712,12.18
797,8.59
697,11.83
702,11.48
807,8.94
682,12.87
722,11.14
692,13.92
727,11.48
767,8.94
732,7.74
697,11.83
672,14.26
757,8.59
802,7.4
717,11.83
752,14.96
702,14.96
722,13.57
732,8.59
722,12.87
702,11.83
732,8.59
742,8.59
732,11.14
687,13.92
782,12.53
802,11.83
682,13.57
757,7.74
762,8.94
742,8.94
682,16.7
762,11.14
702,13.22
692,13.57
707,11.48
687,12.87
692,14.61
732,11.48
697,12.53
667,14.61
747,8.94
727,11.48
707,11.48
667,18.43
672,16
692,13.57
682,16
702,12.87
782,7.4
777,15.31
742,8.59
682,15.65
752,7.74
747,8.59
742,12.53
762,7.74
677,14.26
727,12.18
702,13.57
697,13.57
742,11.48
792,8.94
787,7.74
742,11.48
662,14.96
662,20.17
702,15.65
687,14.96
727,8.94
692,12.18
677,13.92
677,14.96
752,8.94
797,8.94
727,8.94
662,14.96
702,12.18
687,12.87
727,11.48
747,8.94
717,12.53
732,11.48
692,12.87
732,12.53
682,15.65
677,15.65
667,15.65
792,11.14
712,12.18
747,8.94
687,12.53
737,12.53
807,13.57
722,11.48
672,17.04
807,7.74
687,14.26
792,7.74
807,11.14
702,12.53
757,15.31
737,8.94
712,13.22
762,11.14
692,11.83
722,11.14
797,7.74
742,14.61
667,14.26
682,12.87
747,15.31
797,11.48
692,12.18
767,8.59
677,14.61
692,12.87
667,19.47
782,11.48
742,8.59
667,13.57
697,14.26
772,7.74
687,13.57
772,7.05
742,7.74
787,12.18
797,8.94
667,19.82
697,13.92
772,8.59
707,12.18
792,7.74
662,15.31
662,16.35
687,13.57
702,13.57
707,15.31
672,15.31
692,13.22
682,16.7
707,12.87
737,8.94
682,13.92
752,8.59
672,14.61
737,11.48
762,7.74
737,11.83
712,11.83
707,14.96
687,14.61
782,7.4
777,7.74
777,11.14
672,20.17
667,19.47
692,14.61
692,12.53
677,16.35
757,7.74
727,12.18
687,17.04
762,8.59
797,7.74
712,14.61
747,8.59
742,11.14
762,8.94
692,12.87
767,11.48
712,11.83
722,8.94
717,12.53
752,11.14
742,8.59
717,11.14
802,8.94
662,15.65
747,11.14
712,12.18
702,12.87
692,14.26
687,14.26
737,11.14
777,12.87
677,16.35
667,14.26
707,14.96
792,14.61
722,15.31
737,11.48
762,8.94
772,8.94
702,11.48
762,7.74
752,8.94
752,11.48
687,14.96
702,11.83
702,16
722,8.59
742,11.48
747,8.94
757,13.92
662,17.74
667,17.39
682,13.92
702,11.83
722,11.48
717,13.22
707,16.7
702,14.96
672,13.92
732,8.94
697,12.87
692,13.57
682,15.65
697,12.18
707,12.18
682,13.92
702,12.53
712,12.53
707,13.22
682,15.31
722,11.83
802,8.59
697,13.92
812,11.83
692,14.61
707,12.53
712,12.18
697,12.53
707,11.83
712,11.48
662,15.65
722,11.14
722,8.59
697,12.53
677,13.92
702,13.92
677,14.96
767,7.74
692,13.92
737,11.83
667,17.74
697,12.18
667,14.61
697,12.18
697,11.83
667,17.39
662,15.31
692,12.53
682,14.96
717,12.18
687,12.53
732,8.94
677,14.61
677,13.92
727,12.18
732,11.83
712,12.87
777,7.74
727,11.14
782,11.48
717,8.94
717,11.48
757,8.94
752,8.94
732,8.94
687,14.96
662,19.13
672,15.31
757,16
752,13.57
757,8.59
682,14.26
697,15.65
712,13.22
727,15.65
682,15.65
732,11.48
667,13.92
737,11.48
727,11.83
782,7.74
697,13.57
732,12.53
692,16.7
712,11.14
772,7.74
747,12.87
682,13.92
717,11.83
682,13.22
712,15.31
772,7.05
722,11.14
722,11.83
682,13.57
667,14.96
707,13.22
672,15.31
677,13.92
757,13.22
797,7.4
662,14.26
717,16.35
702,14.96
702,11.83
707,13.22
687,12.87
757,8.94
702,14.26
742,8.94
737,11.83
677,13.57
682,12.53
722,12.53
662,16.35
682,13.57
672,15.65
797,15.65
677,13.22
737,11.83
662,14.61
712,15.31
767,11.83
707,12.18
687,12.53
717,11.48
692,12.87
672,20.86
772,7.4
792,8.94
702,15.65
747,6
667,17.04
747,14.61
702,14.96
677,13.22
722,11.83
732,8.94
757,11.14
667,14.96
752,8.59
712,12.18
702,11.83
747,8.94
717,7.88
682,13.22
747,8.94
777,8.59
727,11.83
692,13.57
672,16.7
672,13.92
772,7.74
762,8.94
722,11.83
747,7.74
667,13.92
672,13.57
797,7.74
742,11.83
762,8.94
682,13.22
667,15.31
707,12.18
712,12.18
742,12.53
697,16
697,15.65
692,12.87
782,7.4
677,14.96
722,11.14
697,12.87
742,11.48
712,13.22
662,14.96
692,12.53
717,16
667,15.31
787,7.4
717,12.18
717,12.18
737,14.61
687,18.43
757,12.53
747,15.31
727,12.87
727,8.94
767,7.4
812,11.83
762,7.4
727,8.59
767,8.59
762,7.74
747,12.18
682,12.87
682,13.92
697,12.53
762,7.88
687,12.87
697,12.87
662,14.61
767,8.94
757,11.48
757,8.94
702,14.26
722,11.14
757,16
687,12.87
807,11.83
757,11.14
707,12.18
682,16
712,11.48
717,13.57
752,11.14
707,12.18
782,8.94
717,12.18
687,13.22
667,15.31
732,8.59
722,11.83
747,8.59
722,14.61
722,12.87
702,13.57
717,8.94
742,8.94
702,12.53
742,8.94
752,7.4
772,11.14
692,12.18
662,18.09
682,15.31
677,13.92
812,8.94
772,7.4
677,16
802,11.48
722,10.62
707,12.53
717,11.83
662,16
697,13.22
757,8.59
792,8.59
752,8.59
732,8.94
712,12.53
752,8.59
672,13.92
717,11.48
802,8.59
722,12.18
732,13.22
717,11.14
747,13.92
737,11.48
732,8.59
707,14.96
692,12.53
772,7.4
727,14.26
727,8.94
662,21.21
677,14.26
762,7.74
727,8.94
752,16
752,7.74
672,15.31
687,15.65
732,8.94
732,11.83
702,11.48
737,12.18
782,8.59
682,14.61
757,11.48
702,11.83
662,14.96
667,16.35
762,8.94
777,8.94
692,13.92
742,8.59
727,12.53
777,7.74
662,15.31
752,8.59
662,14.61
672,13.92
777,11.48
742,11.83
672,15.31
742,11.48
692,12.87
662,16
722,12.18
667,14.96
717,13.22
682,13.92
662,18.78
717,12.87
792,8.59
687,14.96
662,15.65
667,14.61
712,11.83
762,12.18
707,13.57
682,12.87
677,16.7
702,13.57
722,14.26
782,8.59
697,12.87
732,14.26
677,15.31
677,13.57
687,15.65
677,15.65
682,13.22
752,8.94
752,8.94
722,12.18
662,17.39
677,15.65
702,12.53
737,12.18
732,11.14
702,11.83
742,11.14
687,12.53
737,12.18
772,7.74
727,11.48
682,14.96
692,14.26
752,8.94
677,14.61
767,14.61
762,8.59
682,13.57
737,7.51
677,14.26
727,13.22
667,14.61
697,13.22
757,8.94
752,7.4
747,11.48
712,12.18
772,11.14
672,15.65
722,11.83
772,7.05
732,12.18
662,15.65
667,14.96
697,12.87
722,8.94
712,11.48
677,14.26
772,11.14
682,13.57
702,13.22
682,13.92
792,7.05
702,12.18
797,7.05
737,8.94
682,12.53
772,8.59
737,12.53
722,11.83
772,7.4
722,12.18
662,14.96
682,14.26
777,11.48
802,11.48
697,12.53
687,17.39
752,8.59
752,11.83
777,7.05
702,11.83
747,11.83
712,12.18
752,8.94
747,11.83
697,12.53
792,7.74
742,8.59
742,8.59
682,15.31
707,14.26
712,11.14
797,7.74
692,13.22
797,8.94
752,8.59
702,12.53
807,7.74
667,14.96
692,11.83
677,14.26
727,11.48
757,8.59
687,13.57
682,13.92
692,12.87
677,6
712,11.48
717,16.7
667,13.92
727,13.57
717,11.48
772,11.14
777,8.94
702,12.53
747,8.94
767,8.94
692,19.82
702,13.57
787,7.74
712,12.53
692,13.22
747,14.26
687,13.22
677,13.57
792,12.53
697,12.87
692,13.92
747,11.14
772,7.74
697,13.22
682,14.26
747,15.65
767,8.59
717,12.18
737,11.83
752,12.18
707,11.83
782,11.14
667,14.61
682,13.22
787,8.94
757,7.4
782,11.48
707,12.18
722,11.83
667,21.21
707,12.18
727,15.31
687,13.57
672,13.92
662,16.35
717,12.18
717,12.53
742,8.94
692,13.22
737,8.59
707,11.14
782,7.74
727,12.18
692,14.96
682,13.22
722,8.94
747,12.18
672,16
727,12.18
702,14.96
717,16.35
752,8.59
722,11.48
757,11.14
732,11.14
727,8.94
667,13.92
762,15.65
727,12.53
757,7.74
712,12.87
752,7.74
697,16.7
672,16.35
707,13.22
772,8.94
792,7.4
682,15.31
707,13.22
722,8.94
732,11.83
747,7.74
717,11.48
792,7.74
707,12.53
767,7.4
697,16
727,11.83
692,12.87
772,11.14
767,8.59
802,7.74
732,11.48
672,15.65
682,13.57
722,11.14
672,13.92
747,8.59
762,8.94
682,13.22
702,12.87
697,12.87
662,16.7
747,11.14
682,13.57
722,11.83
662,15.65
707,11.83
757,11.83
692,12.87
697,13.22
737,7.74
672,14.26
707,11.83
752,8.59
697,16.7
727,12.53
692,14.96
712,8.94
722,12.53
687,12.87
817,8.94
707,12.53
707,12.18
742,11.14
717,11.14
702,16.35
682,13.92
717,8.94
762,8.94
677,12.87
707,13.22
682,14.61
737,8.94
777,7.74
692,13.22
777,11.83
757,8.59
727,12.18
687,17.74
692,13.92
757,8.94
707,14.61
747,11.48
742,8.59
677,15.31
747,12.18
702,12.87
787,7.4
767,7.74
737,8.94
732,7.88
712,15.31
772,8.59
702,13.57
777,11.48
697,12.87
742,8.94
812,8.59
742,8.94
672,14.59
757,13.92
742,8.94
697,12.53
787,12.18
732,11.14
727,8.94
747,8.94
667,14.26
692,13.22
707,14.26
737,8.94
687,13.22
747,11.14
757,11.48
757,8.59
687,14.96
692,14.26
667,17.74
777,8.94
742,12.18
727,11.14
772,14.96
737,8.94
737,11.14
792,15.31
742,7.74
672,13.92
732,11.14
722,12.53
737,11.83
697,11.83
722,12.53
717,11.14
742,16.7
747,8.94
747,12.18
722,13.85
742,7.74
752,11.14
682,13.57
672,14.26
687,16.7
742,8.94
667,15.31
797,8.94
722,14.26
727,8.94
672,14.26
742,8.59
712,13.22
727,12.18
687,12.87
712,12.53
692,13.57
667,15.31
702,13.22
687,13.22
717,11.48
737,8.59
662,15.31
777,7.4
662,14.61
677,15.31
757,8.59
682,15.65
667,14.26
662,16
707,19.47
717,11.48
707,12.53
727,8.59
682,13.92
772,11.48
697,12.18
662,18.78
702,14.26
702,11.83
792,11.83
702,12.53
727,12.53
677,12.87
697,11.83
727,12.53
667,14.96
747,7.4
752,7.4
727,11.83
687,12.87
717,11.48
767,8.59
667,18.78
682,12.53
792,11.48
727,11.48
667,14.96
707,13.92
717,11.14
742,8.59
742,12.18
697,12.87
672,13.57
727,10.25
752,10.25
722,10.99
747,11.14
762,11.83
762,8.94
737,12.87
692,18.09
707,12.53
752,8.94
732,12.53
727,8.94
762,7.4
687,13.57
757,7.74
722,12.18
732,16
672,16.7
737,11.83
767,7.74
737,11.83
727,12.18
722,8.94
737,8.94
672,13.92
707,11.83
702,12.53
707,11.48
667,13.57
737,12.18
757,12.18
662,16.35
762,11.14
742,8.94
777,7.4
742,11.14
702,12.18
732,11.14
697,12.18
707,13.57
717,11.14
742,12.18
667,17.74
757,8.59
747,11.14
697,15.31
777,11.14
792,11.83
752,7.74
757,8.59
697,12.18
672,14.26
697,13.92
757,7.4
762,8.59
732,12.53
667,16
702,13.22
697,12.53
692,12.53
737,8.94
712,11.14
717,12.53
732,13.92
687,13.22
717,12.87
677,13.57
682,15.31
707,13.22
752,8.59
667,15.65
777,7.74
737,8.94
697,13.92
682,14.26
727,8.94
742,8.94
717,13.22
687,12.53
692,12.18
692,13.22
662,20.86
667,15.65
682,12.87
697,12.87
667,14.26
717,11.83
682,14.26
727,12.18
707,16.35
797,15.31
732,8.94
697,14.26
697,12.18
697,11.83
722,8.94
692,14.96
672,17.74
757,8.59
682,13.22
712,12.18
687,12.87
707,13.92
747,12.53
682,12.87
752,8.94
682,13.92
687,12.18
742,12.18
787,7.74
692,13.22
672,21.21
672,14.96
727,16
747,12.53
717,11.83
712,12.18
692,13.57
707,11.83
667,14.26
702,11.36
717,19.13
687,14.61
707,12.18
707,11.83
767,8.94
717,11.83
667,15.31
782,8.94
717,8.94
742,8.94
802,8.94
687,14.26
687,14.96
692,13.57
682,12.53
687,12.53
692,15.31
707,12.87
712,11.48
812,8.59
762,7.74
767,8.59
697,12.87
782,7.4
667,16
732,13.22
712,11.48
767,11.83
667,17.74
722,8.94
682,14.26
742,15.65
752,8.94
662,15.65
722,11.48
707,12.87
767,8.94
697,12.53
697,13.57
712,13.57
732,11.83
732,11.14
672,13.57
707,11.48
687,12.87
747,11.83
717,14.96
737,8.94
762,7.74
697,11.83
662,14.96
732,11.83
692,12.87
777,7.74
772,11.14
717,11.83
712,11.83
722,12.53
687,13.22
677,13.57
737,8.94
742,14.61
712,11.14
712,11.83
782,8.94
662,14.96
677,13.57
732,11.48
692,13.48
662,15.31
757,8.94
777,8.94
667,19.13
762,8.94
772,8.94
712,13.57
772,13.22
752,11.14
692,13.22
697,14.96
727,8.94
752,7.74
677,12.87
692,12.87
792,8.59
707,12.18
732,12.53
717,12.53
717,12.87
717,12.87
707,12.18
682,15.31
697,14.96
687,13.22
722,8.94
727,11.83
742,11.48
662,11.14
677,14.61
687,12.87
672,15.31
687,13.22
692,14.26
662,15.65
787,13.92
687,12.87
712,15.31
707,12.53
702,12.87
687,12.87
752,11.14
682,13.22
682,14.26
702,11.83
762,8.59
762,11.14
712,14.61
717,12.18
682,13.57
667,14.61
707,16.35
777,8.59
667,14.96
697,18.09
732,8.59
687,12.87
702,13.57
742,11.83
702,12.18
662,19.47
677,13.22
777,7.4
772,7.4
717,11.14
702,11.48
712,11.83
662,15.31
667,14.61
697,13.92
672,16.7
717,8.94
757,8.59
667,14.26
717,12.18
732,11.48
667,19.47
777,11.83
697,12.53
717,13.57
682,13.22
712,11.83
677,12.87
772,11.48
662,14.96
802,8.59
752,7.74
787,7.74
712,12.53
772,7.4
807,7.74
687,13.22
767,13.22
722,11.14
677,13.22
677,13.57
702,11.83
757,11.14
697,13.22
692,13.22
687,14.26
687,14.26
677,13.22
697,12.53
797,11.14
752,11.48
752,7.74
672,13.92
667,14.26
677,12.87
737,8.94
742,12.18
702,13.92
737,8.59
712,13.57
687,13.57
692,17.74
732,8.94
682,14.26
732,11.48
727,12.18
677,14.26
732,12.53
702,13.57
802,8.59
747,8.59
687,14.26
737,7.74
712,13.92
787,8.94
722,16
742,12.18
742,8.94
682,13.22
687,12.87
727,7.51
662,14.61
677,16
662,14.61
662,14.26
777,11.83
697,19.47
712,11.83
717,12.18
667,14.96
777,7.4
697,12.87
682,13.92
757,7.74
802,7.74
742,14.96
677,20.52
717,12.87
712,14.61
687,14.96
677,13.92
732,12.18
692,12.53
767,7.74
687,13.57
762,7.4
732,8.94
707,11.48
772,14.61
757,8.94
777,11.83
747,16.7
762,8.94
722,12.18
667,14.61
737,11.14
707,14.96
722,11.14
707,13.22
687,12.87
667,15.65
697,13.92
792,7.51
737,11.48
672,16.35
697,12.53
737,11.83
747,8.59
777,8.59
737,8.59
792,7.4
677,19.82
732,11.14
752,12.53
787,8.59
747,14.61
677,14.61
712,11.48
712,12.18
782,8.94
682,15.31
692,12.53
692,12.53
757,8.94
787,8.59
752,8.94
812,7.4
757,8.59
742,11.14
672,14.26
762,8.94
667,16
727,7.05
692,13.57
762,7.4
737,8.94
777,11.48
757,12.18
792,11.83
707,14.96
812,11.83
662,17.04
707,12.53
727,8.94
772,7.05
717,12.87
772,12.18
757,7.74
807,7.74
727,12.53
792,8.94
782,8.59
687,12.87
667,14.61
722,11.48
772,7.4
702,7.4
667,15.31
747,8.94
722,12.87
742,10.99
667,21.21
772,11.14
757,11.83
757,11.83
707,13.92
732,11.48
707,7.74
757,8.94
752,11.83
712,11.14
737,11.48
702,19.13
792,11.83
687,12.87
707,14.26
707,14.26
812,11.83
737,11.48
757,7.74
777,7.4
757,12.18
792,11.48
667,15.65
782,7.74
682,12.87
667,15.31
707,14.96
812,11.48
757,8.94
747,11.83
797,8.59
717,12.53
702,12.18
757,8.59
687,13.57
687,14.26
712,7.05
767,12.87
692,12.18
767,11.14
757,11.83
792,11.83
777,8.94
697,13.85
792,7.05
722,7.05
702,11.48
692,12.87
712,13.22
797,8.94
707,14.26
812,11.83
767,8.94
782,8.94
737,12.87
802,7.05
747,11.48
732,11.14
692,11.83
712,11.48
682,16.7
767,8.94
757,12.18
792,11.48
707,14.26
722,11.14
682,12.53
672,13.57
812,11.83
757,11.83
792,11.83
737,11.83
707,14.96
812,11.83
712,12.53
757,11.14
797,9.88
737,7.05
707,12.53
757,11.83
792,11.48
707,14.96
812,11.83
687,12.87
687,16
747,10.25
687,12.53
757,11.83
792,11.48
707,14.96
812,11.83
727,11.83
687,13.22
687,13.22
752,7.05
697,7.4
772,11.83
702,12.18
757,11.14
692,12.53
712,12.73
672,14.61
677,14.96
722,11.48
737,10.99
687,12.87
732,7.05
807,7.05
787,7.05
712,12.87
707,17.74
732,11.14
687,12.87
687,15.31
772,7.4
737,12.18
722,11.14
712,11.83
757,16.35
707,12.87
712,13.22
732,15.31
682,13.85
797,12.53
757,8.94
777,8.94
667,16.07
747,11.83
737,12.18
662,17.39
707,12.18
717,16.35
662,17.74
697,12.18
667,14.96
702,16.07
692,14.26
807,11.83
757,8.94
782,11.14
747,8.94
727,11.14
697,15.31
772,7.4
687,19.13
707,12.18
707,16
697,12.73
812,7.74
787,7.4
782,7.74
717,11.48
752,8.59
742,11.48
697,13.57
707,16
767,11.83
707,11.83
732,11.14
682,13.22
747,12.18
772,7.4
742,12.18
662,15.65
722,12.87
742,8.59
722,12.18
782,8.94
742,14.26
667,15.31
672,17.39
702,12.53
727,8.94
742,8.94
737,11.83
712,10.25
737,8.94
707,13.22
702,14.26
717,11.83
737,12.18
692,11.83
697,11.36
732,11.48
717,12.53
742,13.92
707,10.62
727,11.83
662,15.65
717,10.25
782,11.14
712,11.83
717,11.83
677,16.7
787,7.74
772,11.14
782,10.25
752,8.59
777,8.94
742,8.59
747,7.74
687,16
672,17.39
682,14.61
662,18.43
687,13.57
742,8.59
722,11.83
692,16.7
737,12.18
752,7.74
672,14.26
747,11.48
732,11.83
712,12.53
747,11.14
752,15.65
742,11.14
747,11.48
727,12.18
737,11.48
692,12.87
702,12.87
727,12.53
732,11.83
702,14.96
772,11.48
752,8.59
717,11.14
692,12.53
687,13.92
682,13.57
717,12.53
677,14.96
767,11.14
697,16
782,8.59
687,15.65
722,11.83
687,13.92
722,11.48
732,12.18
772,8.59
722,8.94
662,14.61
702,13.92
682,14.26
682,14.61
687,14.26
757,8.59
702,16.35
672,14.61
682,12.87
667,14.26
672,18.09
697,12.87
757,7.74
737,11.14
742,8.94
737,11.14
692,15.31
737,11.83
712,11.83
747,8.94
752,11.48
757,11.83
677,14.26
697,12.87
667,17.19
757,8.59
772,7.74
677,13.92
662,17.74
762,11.83
687,12.18
722,11.14
732,15.31
737,8.59
687,17.19
782,7.05
702,12.53
762,7.4
702,15.31
757,11.83
757,11.83
702,14.26
747,7.74
772,7.05
662,16
702,12.53
742,11.48
712,11.83
672,14.96
752,11.83
707,12.53
677,14.96
767,12.53
787,7.4
707,13.22
727,8.94
687,14.61
732,8.94
777,7.74
797,7.74
807,13.22
692,16.7
687,14.96
692,13.57
732,8.94
662,14.61
762,13.92
712,15.65
677,13.92
707,12.18
672,14.61
737,8.94
782,8.59
662,15.31
777,7.74
787,8.94
732,11.83
667,14.61
677,14.61
712,11.48
692,16.7
692,14.96
692,13.57
697,12.18
717,16
757,8.94
702,11.83
672,18.43
807,7.14
782,11.48
737,12.87
717,12.18
782,6.39
682,14.61
767,7.74
697,12.87
787,8.59
662,15.31
687,13.57
687,12.87
702,11.83
702,11.83
722,11.14
707,11.83
697,11.83
742,14.96
672,14.96
727,11.83
677,14.96
677,13.57
747,8.94
672,16.35
687,14.61
732,11.14
712,11.48
727,11.14
722,11.83
662,14.26
722,12.53
707,12.53
752,8.59
722,11.36
667,16.7
692,13.57
732,8.94
737,12.87
672,14.59
722,11.83
682,13.57
727,11.48
777,11.48
717,11.14
722,13.22
787,8.94
747,8.59
767,11.36
667,18.43
677,13.48
777,8.94
722,11.14
737,12.18
682,18.09
692,13.57
732,10.25
702,14.26
677,13.57
742,11.83
677,12.53
682,13.57
772,7.74
757,11.14
757,8.59
697,12.53
682,16.45
702,15.31
762,9.88
692,13.92
742,7.74
677,14.96
747,17.39
697,12.87
742,8.59
762,11.48
722,11.48
722,15.65
757,7.74
677,17.04
767,8.59
717,17.04
692,12.18
687,13.57
792,7.74
777,7.74
732,11.48
687,13.92
727,13.22
662,16
712,12.18
757,8.59
762,8.94
737,7.74
767,7.74
792,7.4
782,8.59
697,15.31
702,12.87
697,17.39
742,11.48
677,18.09
747,11.14
777,8.94
747,7.74
732,12.18
702,12.53
727,12.18
662,16.45
702,12.53
737,12.18
752,8.94
782,8.94
732,15.65
687,13.92
722,8.94
677,14.26
677,13.85
802,12.18
727,11.14
702,13.92
687,15.65
722,13.22
747,8.59
742,7.74
692,13.92
662,16.7
727,16.07
682,12.53
722,10.62
722,8.94
737,12.18
762,12.18
792,7.74
722,12.53
697,12.18
682,15.31
687,13.57
672,16.35
712,14.61
687,17.04
662,16
687,13.22
707,11.83
722,12.87
682,13.57
687,13.57
717,12.87
742,8.94
797,8.94
712,11.83
677,13.22
762,13.57
737,11.83
692,12.18
722,11.48
712,11.48
682,14.26
692,13.22
667,19.13
782,8.59
692,13.92
747,8.59
742,14.26
717,10.62
732,14.61
677,13.57
767,7.74
702,15.65
692,13.22
692,14.26
767,15.65
757,7.74
692,12.87
702,14.61
727,12.53
677,15.65
692,12.87
692,16.45
687,13.22
802,12.87
692,13.85
722,11.48
722,7.88
682,14.26
752,8.94
692,12.87
687,13.22
687,13.92
667,16.35
717,11.14
732,11.83
752,12.53
767,7.74
752,9.88
767,7.74
662,14.96
692,13.92
762,8.59
737,11.14
697,13.22
717,11.48
692,13.11
697,12.53
697,15.31
762,9.88
752,7.88
672,13.92
697,16.35
752,8.59
757,7.51
702,11.48
702,11.36
697,12.18
702,10.99
727,8.94
667,14.61
687,10.99
757,7.74
717,11.36
742,7.88
782,6.76
732,10.25
727,11.36
662,14.96
767,7.51
752,6.76
672,15.33
737,10.62
682,13.85
662,16.45
717,10.25
747,7.88
677,14.59
672,13.11
677,13.85
692,16.45
722,7.88
737,10.62
707,10.25
737,7.88
717,9.88
717,11.36
727,10.25
757,10.99
787,7.51
742,7.51
762,7.14
692,13.11
712,10.25
667,13.48
702,13.48
662,15.7
682,16.45
677,14.59
732,15.33
732,10.99
732,9.88
707,14.22
702,13.11
687,11.36
672,15.33
787,10.25
682,14.22
667,16.45
682,13.85
717,12.73
727,7.88
672,15.33
707,13.85
662,17.19
752,10.25
682,13.48
732,13.11
707,13.85
717,10.99
737,7.88
737,10.25
797,9.88
772,7.88
752,7.14
802,7.51
807,10.99
787,7.14
747,12.73
692,13.85
682,12.73
717,16.45
697,12.73
727,12.73
732,10.25
682,13.85
797,10.99
682,13.85
697,14.22
757,9.88
722,10.62
677,13.48
667,13.48
792,10.62
707,13.11
672,15.33
747,7.88
762,7.88
727,10.25
702,13.11
727,11.36
707,14.22
687,11.36
692,13.11
702,10.25
692,12.73
667,15.33
702,14.96
772,7.88
712,19.04
672,17.93
682,11.36
682,13.48
767,7.88
762,10.25
742,7.14
692,14.22
697,15.33
787,7.88
682,14.59
727,10.25
697,10.99
687,13.11
722,11.14
767,7.14
697,11.36
702,10.62
712,10.62
717,12.73
787,7.51
702,10.99
742,13.48
697,12.73
732,10.25
707,10.62
712,13.85
697,13.48
762,10.25
742,7.74
732,10.62
717,10.62
722,9.88
717,10.25
767,7.14
677,14.59
717,7.88
697,13.85
697,13.48
762,7.14
712,10.99
717,7.88
677,15.33
697,11.36
702,13.48
727,7.88
677,16.45
762,10.62
752,10.99
702,11.36
667,15.33
777,7.88
677,14.59
792,7.51
697,13.85
687,12.73
707,10.62
732,7.14
722,10.99
717,10.25
687,13.11
702,13.85
717,11.36
732,10.62
732,11.36
712,14.59
717,10.62
717,10.62
772,7.14
742,7.51
752,9.88
687,13.48
792,9.88
702,12.73
742,11.36
752,7.88
722,12.73
727,11.36
697,11.36
687,14.22
717,11.36
737,10.25
737,7.88
747,7.88
712,13.85
742,10.99
697,12.73
747,7.88
707,13.11
737,10.25
737,10.99
747,9.88
707,14.22
687,13.85
722,12.73
737,9.88
717,10.25
682,14.22
697,13.85
687,14.96
712,12.73
807,7.88
712,10.25
702,10.25
697,10.99
787,7.51
682,13.48
677,13.85
742,10.25
777,7.51
687,11.36
707,10.99
677,13.11
662,15.7
727,7.88
692,15.7
707,10.99
757,7.51
677,12.73
772,7.88
687,14.59
742,10.99
717,7.88
762,7.88
692,13.85
682,13.85
732,11.36
762,7.14
757,10.62
677,15.33
692,13.85
742,10.25
722,7.88
752,10.99
692,11.36
727,10.99
682,15.33
742,7.51
672,14.96
697,12.73
747,7.14
722,10.25
712,10.25
722,10.99
707,13.11
687,11.36
697,10.99
692,13.11
702,12.73
712,10.99
662,20.9
762,10.62
732,11.36
692,14.22
692,14.59
677,14.22
732,7.14
732,9.88
697,16.07
687,14.96
702,13.48
747,10.25
727,7.88
717,10.99
697,13.85
692,13.11
682,15.7
732,7.88
677,14.96
717,13.11
682,13.48
712,11.36
697,16.07
662,15.33
667,17.19
732,10.99
682,14.96
727,7.51
707,10.99
687,15.7
702,10.25
687,12.73
702,15.33
677,14.96
677,13.48
687,15.33
672,15.7
737,7.88
732,7.51
712,10.25
717,14.59
662,15.7
722,11.36
687,13.11
692,13.11
697,11.36
757,10.99
722,12.73
667,20.16
727,11.36
662,14.96
772,10.25
667,17.19
717,15.7
787,6.76
727,10.62
717,10.99
682,14.59
697,15.33
667,14.96
677,16.45
677,13.85
687,11.36
712,10.99
722,12.73
687,14.96
662,16.82
697,13.48
742,7.88
667,14.22
722,14.96
717,10.25
717,10.25
722,9.88
777,7.14
687,11.36
692,14.59
672,15.7
707,13.48
687,11.36
667,15.7
782,10.62
707,10.25
707,11.36
717,11.36
722,7.88
757,7.88
747,16.07
732,9.88
662,17.93
767,7.14
742,10.62
717,13.11
742,7.51
757,6.76
732,10.62
697,13.48
732,10.99
717,7.88
667,16.82
692,10.99
747,7.51
687,13.11
737,10.25
687,12.73
682,16.07
662,14.59
697,10.99
702,13.11
687,16.45
702,11.36
672,18.3
697,12.73
712,14.22
737,7.51
757,7.88
737,10.99
752,7.88
757,7.51
682,14.22
732,10.62
697,13.11
677,14.59
677,14.96
692,15.33
747,10.25
662,15.7
712,11.36
687,13.85
797,10.62
727,7.88
732,7.51
687,12.73
757,7.51
767,7.88
707,10.62
722,10.99
777,6.76
727,11.36
757,10.25
722,10.25
687,13.11
752,10.62
682,13.11
732,10.25
687,12.73
747,7.88
767,7.14
712,11.36
742,7.14
682,14.22
682,13.11
667,14.96
727,11.36
722,10.25
747,7.51
792,7.14
692,15.33
757,9.88
717,10.25
762,7.14
772,7.51
702,10.99
757,10.25
722,9.88
727,11.36
702,10.25
687,14.59
742,9.88
712,13.11
682,13.48
757,9.88
742,9.88
687,13.11
737,10.99
677,15.33
757,10.25
707,11.36
697,12.73
807,10.62
742,7.88
757,9.88
692,12.73
722,10.99
782,7.51
722,11.36
697,11.36
672,14.96
697,13.11
722,12.73
702,12.73
682,14.22
732,9.88
687,12.73
712,10.99
692,13.11
717,12.73
707,14.96
727,11.36
752,10.25
722,10.99
707,11.36
752,7.51
712,11.36
692,12.73
717,12.73
727,10.99
712,12.73
717,10.25
737,9.88
782,7.88
762,7.88
672,15.33
697,12.73
672,19.41
777,6.76
752,7.14
682,14.96
752,7.88
782,7.88
757,9.88
687,10.99
662,15.7
702,13.48
737,13.48
747,7.14
692,14.59
682,13.48
662,14.96
687,13.85
667,14.96
752,10.25
752,7.14
777,6.76
782,6.39
727,9.88
707,13.85
712,10.62
792,7.88
777,7.14
737,10.62
697,12.73
737,10.99
707,12.73
687,10.99
752,6.76
697,13.11
797,10.25
687,14.59
707,10.62
672,16.07
687,14.96
772,6.39
727,9.88
677,15.33
717,9.88
687,13.11
677,15.33
747,7.88
712,12.73
712,11.36
792,7.88
672,15.7
677,12.73
672,15.7
752,7.88
722,9.88
707,14.59
797,7.14
682,14.59
687,12.73
692,10.62
727,10.62
752,7.51
762,9.88
677,14.22
737,7.51
737,9.88
682,12.73
702,10.25
707,11.36
722,10.99
787,10.25
672,13.11
732,10.25
717,10.25
702,11.36
697,13.11
762,10.25
737,7.88
712,12.73
707,14.59
747,13.11
707,12.73
762,9.88
752,18.3
662,17.19
787,10.62
772,7.51
687,13.48
677,13.48
677,17.93
682,13.11
682,13.11
667,16.45
672,17.56
707,10.62
702,13.11
687,13.48
662,14.59
717,9.88
722,10.99
757,9.88
667,14.22
667,16.45
722,10.62
697,14.59
717,10.25
722,11.36
682,14.96
692,10.99
737,7.88
722,10.62
742,10.99
692,13.11
697,13.11
737,7.51
777,6.39
762,7.51
672,16.07
707,10.99
727,11.36
692,13.11
742,12.73
747,7.51
672,14.22
702,12.73
722,10.62
692,11.36
702,13.48
677,14.22
747,10.62
727,9.88
687,13.85
797,7.14
692,12.73
712,10.25
727,11.36
727,9.88
692,13.48
682,12.73
762,10.62
752,7.14
737,7.88
697,10.99
687,10.99
767,7.51
712,10.25
707,11.36
712,10.25
702,14.22
697,14.22
672,13.85
742,7.51
772,6.76
732,10.25
722,10.62
682,13.48
742,13.11
702,10.62
742,7.88
692,13.48
772,7.14
717,9.88
667,19.04
777,7.88
707,10.25
752,10.99
682,14.61
712,14.96
692,13.22
692,17.04
722,15.65
722,13.85
697,13.85
717,12.18
742,10.95
677,12.87
667,16
662,18.21
667,15.33
702,10.25
742,11.89
697,17.39
737,11.14
717,13.79
757,12.87
642,16.08
647,16.08
682,16
677,16.4
652,14.82
652,14.82
662,13.8
657,14.82
672,17.03
697,13.24
672,12.29
672,12.29
657,13.87
652,13.87
667,16.71
772,7.75
742,8.38
742,8.07
712,9.33
707,9.33
697,11.54
702,10.28
697,9.64
692,9.96
687,10.28
687,11.22
712,9.64
687,9.96
707,12.49
712,9.33
717,9.01
802,7.75
802,7.75
802,7.43
742,11.22
772,7.12
722,8.38
797,7.43
787,7.43
757,7.75
642,14.07
672,10.91
672,11.22
707,9.01
697,9.64
697,10.59
802,7.12
652,14.7
707,9.64
662,13.12
657,13.12
647,12.8
672,13.12
672,15.01
727,10.59
657,16.91
642,14.38
682,10.91
687,11.86
652,13.12
647,14.7
682,10.28
652,12.49
662,12.49
632,14.38
652,15.33
692,11.22
632,14.38
642,15.96
642,14.38
637,14.7
612,17.54
662,12.49
652,15.01
682,10.59
667,12.17
667,13.75
647,13.43
642,15.33
642,14.07
697,10.91
702,9.96
647,15.01
647,16.91
642,17.22
672,14.38
662,16.28
667,12.8
682,10.91
667,16.91
682,15.33
657,15.01
737,8.38
802,7.43
692,9.96
647,13.75
652,17.86
637,16.91
647,14.7
667,13.43
757,9.64
642,15.65
677,10.91
712,12.17
737,8.07
732,8.38
667,11.86
667,14.7
667,12.49
647,15.96
747,7.43
647,15.01
642,17.22
652,17.22
637,14.07
692,10.28
642,13.75
702,9.33
647,15.33
727,8.07
647,15.33
672,10.91
647,13.75
682,10.59
677,10.91
682,11.86
632,15.96
642,14.7
692,12.49
642,16.28
697,13.12
642,13.12
657,17.54
667,16.28
657,13.75
677,11.22
717,8.38
642,17.22
652,17.86
642,15.01
647,17.54
682,10.28
702,9.33
647,14.67
627,17.54
667,11.22
642,13.12
617,17.86
717,9.33
647,15.96
647,13.75
727,8.7
647,14.38
707,11.22
652,14.07
657,17.54
652,13.43
642,17.22
687,11.54
652,15.33
642,14.07
652,13.43
652,13.12
647,14.07
652,17.86
722,11.22
662,17.86
652,13.75
722,8.7
692,14.67
662,16.59
647,15.01
652,15.01
667,12.8
672,13.75
642,17.54
642,13.75
647,13.12
682,10.59
667,15.96
647,14.38
642,17.54
687,10.59
687,15.33
647,14.07
642,14.38
652,13.12
702,9.01
667,12.8
667,11.54
692,14.38
652,16.28
697,10.28
672,11.22
652,13.12
657,14.38
692,13.12
692,11.54
687,10.28
662,12.17
672,11.22
642,14.38
722,9.64
622,16.28
657,11.86
667,12.17
667,15.01
652,17.54
642,14.07
667,17.54
702,12.49
707,15.96
642,14.38
717,9.33
687,10.28
642,14.38
682,12.49
672,11.54
652,16.28
652,13.43
672,11.54
657,15.96
702,9.33
682,10.28
642,14.38
677,11.22
672,11.22
677,14.38
642,14.07
707,9.64
657,12.49
642,15.65
652,12.8
662,12.8
652,14.07
707,9.64
697,14.7
642,14.07
677,10.91
652,13.75
652,12.8
652,13.12
657,14.7
687,14.07
642,13.75
717,9.33
642,14.07
612,17.86
647,13.75
652,12.8
647,13.43
642,13.75
662,12.8
667,16.28
647,13.12
657,15.96
672,13.43
647,13.43
682,10.91
707,9.96
642,14.38
647,14.38
652,15.33
642,15.01
657,12.8
657,15.01
662,12.17
662,11.54
647,16.59
632,14.38
672,11.22
697,9.96
647,14.38
657,17.22
652,12.8
652,13.75
642,14.38
762,13.12
727,8.7
647,14.38
712,10.59
682,9.96
682,10.59
727,8.38
707,10.59
687,10.91
687,10.59
642,14.38
657,13.75
647,14.38
642,13.75
652,12.49
667,11.86
652,17.86
657,12.17
687,10.59
652,16.59
742,9.64
687,12.8
687,10.59
647,13.43
717,8.7
662,12.49
647,14.38
697,15.01
692,15.65
662,13.12
642,14.7
682,10.28
757,7.43
677,10.91
732,10.59
742,12.8
652,16.28
647,14.7
657,17.22
642,13.75
652,14.07
652,15.96
657,11.86
692,10.59
692,10.91
652,15.33
662,16.28
732,13.75
667,12.49
672,14.38
662,12.17
722,9.01
712,12.8
647,15.33
657,13.43
687,10.59
692,14.38
642,14.07
727,9.96
707,9.64
667,11.86
697,11.22
682,9.96
652,15.65
647,12.8
647,17.86
672,12.8
672,13.12
712,10.28
672,10.59
647,12.8
682,10.91
657,14.38
652,15.65
682,10.59
642,14.38
692,11.22
692,10.91
662,11.54
717,9.96
692,9.33
657,13.12
692,10.59
657,17.86
697,14.38
647,14.7
662,13.75
652,17.54
637,13.43
697,15.01
632,16.59
687,11.22
692,15.65
652,13.12
692,11.22
682,11.54
697,14.07
652,16.28
657,12.49
687,9.96
757,13.12
717,9.01
657,15.01
712,9.64
652,16.91
662,13.43
657,15.01
682,14.38
677,11.22
642,17.22
697,10.59
727,8.7
647,17.41
652,14.25
662,17.09
647,13.62
737,8.38
702,9.83
687,10.78
747,11.09
687,11.41
657,15.2
647,15.83
662,13.3
672,11.72
682,13.62
672,12.04
687,10.78
657,13.93
662,13.62
672,11.09
657,13.3
662,13.3
702,10.78
662,13.3
692,14.57
652,12.99
677,13.3
662,14.88
732,9.83
677,11.41
702,9.83
672,15.83
652,14.25
712,10.14
652,13.3
677,13.3
667,11.41
667,12.36
722,10.46
657,16.15
707,11.72
647,18.04
657,12.99
657,13.3
672,16.46
682,10.46
717,10.78
702,11.09
642,15.2
737,9.51
687,16.15
672,11.41
672,12.99
652,16.46
647,14.25
642,14.88
667,16.15
697,13.93
652,13.3
647,15.51
657,15.51
682,12.99
647,18.04
697,10.46
692,12.99
737,9.2
657,15.83
672,12.36
707,14.57
642,13.93
702,11.41
722,8.38
642,14.25
752,7.43
682,12.36
692,15.51
687,15.2
652,16.15
657,14.25
662,12.04
657,14.25
682,11.41
732,9.2
642,15.51
657,18.36
657,14.25
657,12.99
647,13.62
642,15.2
687,10.78
642,14.88
677,13.93
647,14.88
702,12.04
707,9.2
667,18.36
657,18.04
662,12.04
692,11.41
642,15.83
657,15.83
642,15.2
657,18.04
682,11.41
697,11.41
682,10.46
667,18.36
662,16.46
657,14.25
677,11.41
647,18.04
677,15.51
657,17.09
657,17.72
657,13.62
647,18.36
692,14.88
707,9.2
692,11.72
657,12.99
647,15.2
687,10.78
687,10.46
642,14.57
657,13.62
702,10.78
687,13.93
657,13.93
652,18.04
652,13.93
662,12.92
682,10.71
732,10.39
692,16.71
687,10.71
662,14.82
652,14.82
652,18.29
692,14.82
647,15.76
737,10.71
657,13.87
717,13.55
647,15.45
647,13.55
672,11.66
642,14.18
677,13.55
642,15.13
657,18.29
662,18.61
657,14.5
647,17.97
657,18.29
662,15.45
707,16.08
717,13.87
677,13.55
677,13.87
712,11.03
692,12.61
702,10.08
657,18.29
717,15.13
687,13.55
657,17.66
702,11.34
647,17.97
692,11.97
697,10.08
682,11.97
657,15.76
677,12.29
712,12.61
702,10.71
647,15.13
717,15.45
712,13.87
657,14.5
642,14.5
727,13.24
697,15.45
672,11.66
657,12.61
682,14.5
657,18.29
662,12.29
687,16.08
642,14.18
667,12.29
657,14.18
662,12.29
702,10.08
652,17.34
722,11.34
652,14.5
712,9.45
687,11.34
657,13.55
642,18.29
642,15.45
652,13.55
677,16.08
677,15.13
652,13.87
657,13.55
652,14.5
677,16.4
682,15.13
677,11.66
677,14.5
662,13.24
722,11.66
737,12.92
667,16.08
672,16.08
687,13.24
647,14.82
672,12.61
712,9.76
677,15.45
727,9.76
682,11.97
732,15.76
667,12.92
662,14.18
652,14.18
642,15.13
737,10.39
642,17.03
642,18.29
657,14.5
667,12.92
662,18.61
657,18.61
697,10.08
667,12.29
647,16.4
682,11.97
662,12.61
667,17.66
717,13.24
637,14.82
692,12.92
652,16.4
662,14.18
647,15.45
657,14.18
652,17.34
702,9.76
647,16.71
652,18.29
717,10.71
642,15.45
682,10.71
652,14.5
667,12.61
717,9.76
647,15.45
667,13.24
732,10.71
657,14.18
722,9.76
707,11.03
677,13.87
737,10.39
667,14.5
657,14.18
727,9.45
667,12.61
737,9.76
662,12.92
717,13.24
657,15.45
657,15.13
672,16.4
687,12.61
662,12.92
657,16.4
692,14.82
652,18.61
647,13.87
662,16.71
727,11.97
687,10.71
737,8.63
737,8.63
662,18.61
642,14.18
647,18.29
647,17.34
642,14.5
647,15.76
642,18.29
652,13.55
697,13.24
642,13.87
727,10.39
722,9.45
652,15.13
652,16.4
652,13.87
662,16.4
657,14.18
647,15.45
687,12.61
652,14.82
642,17.97
662,13.55
652,14.82
687,11.34
657,13.24
647,15.45
652,15.13
657,15.45
727,10.39
647,15.13
707,10.08
707,12.61
662,12.61
687,12.61
662,17.97
697,11.03
687,14.82
652,15.76
642,18.61
652,18.61
682,11.34
652,13.87
652,13.24
642,15.45
652,14.82
697,11.66
652,18.61
647,13.55
682,12.61
667,12.92
647,17.66
657,14.5
657,12.61
747,8
712,11.03
752,13.24
662,15.13
692,15.76
647,14.82
702,14.5
687,12.61
657,13.24
642,18.61
687,11.66
647,14.18
692,14.18
647,14.82
642,15.45
667,13.55
652,16.08
677,11.97
682,11.03
647,14.82
672,13.24
647,14.5
642,14.5
692,12.29
647,16.08
657,14.5
667,12.92
677,17.34
672,13.55
667,14.18
647,16.08
642,18.61
647,14.18
677,11.34
652,13.24
672,13.24
717,11.66
677,12.29
707,12.29
692,11.03
657,14.82
657,14.5
647,15.45
662,13.55
717,9.76
707,9.45
642,16.71
642,15.13
657,14.82
642,15.45
672,13.24
707,11.97
662,13.24
702,14.82
652,14.5
652,15.76
712,10.71
672,12.29
657,13.87
672,12.92
682,15.45
657,13.55
697,15.13
677,15.76
662,13.87
772,11.97
647,14.18
657,14.18
652,17.34
662,13.55
657,18.61
707,11.34
682,11.97
682,11.03
657,14.18
652,14.82
667,12.92
682,17.66
717,14.5
652,17.34
657,14.5
652,17.03
672,17.97
737,8.63
652,18.29
657,17.34
722,9.45
652,14.18
647,14.82
687,11.97
687,14.18
647,13.87
657,17.97
647,17.66
677,12.61
677,17.34
657,13.55
652,14.82
652,16.4
702,10.71
642,17.66
682,16.08
702,11.66
692,14.5
687,17.34
717,9.45
687,11.97
647,13.55
657,16.4
682,11.03
647,18.61
747,8.32
642,14.82
647,14.18
672,17.34
642,18.29
697,10.71
707,10.08
747,12.61
727,14.18
657,15.45
717,12.92
657,18.29
727,9.76
707,13.55
677,12.61
657,14.82
717,13.24
647,14.82
657,14.5
692,14.82
657,14.18
662,13.87
732,12.92
642,14.5
657,13.55
672,12.92
652,15.76
682,10.71
667,12.29
647,17.66
652,17.34
687,11.34
657,13.55
647,14.5
652,15.76
647,15.13
642,18.61
667,12.61
642,14.82
652,14.82
697,14.82
647,14.5
642,14.82
667,17.34
702,14.18
692,11.03
677,15.76
712,11.34
652,17.66
667,13.55
657,15.13
702,13.87
647,13.87
687,11.03
642,14.82
657,14.18
657,13.24
662,13.24
657,12.92
642,14.75
717,9.45
737,12.29
697,10.71
647,14.82
677,11.66
652,13.87
702,12.61
657,14.5
687,13.87
667,17.03
652,18.61
752,8
662,14.5
682,11.34
647,15.13
642,14.82
697,14.5
652,13.24
652,13.55
672,12.61
677,11.34
652,14.18
682,11.34
727,9.76
737,8
662,13.24
647,14.5
682,16.4
642,18.61
647,14.82
707,11.66
657,13.55
727,8.32
682,11.66
662,12.29
697,11.34
672,12.92
642,15.45
687,12.29
672,14.82
672,13.87
732,8.63
642,13.87
667,12.92
667,12.92
722,9.45
677,11.03
647,14.18
732,8.32
657,13.87
712,10.39
657,16.4
737,8.32
752,9.45
742,12.61
722,9.45
657,13.55
647,13.87
652,13.55
652,14.5
642,18.61
712,11.34
657,13.87
657,13.55
652,13.24
667,12.29
732,8.32
707,9.76
642,14.5
687,10.39
662,17.03
712,10.08
662,12.29
682,12.22
647,6
677,11.66
702,9.76
732,8
707,9.76
662,16.4
692,15.76
647,15.13
687,13.24
662,13.55
692,11.03
782,7.68
652,13.55
682,11.97
667,15.76
657,13.24
652,14.5
662,13.55
667,12.61
687,10.71
692,11.03
682,11.34
652,13.24
667,16.08
702,12.61
657,13.24
692,10.39
677,11.97
657,17.03
662,12.61
652,13.55
642,14.18
667,12.86
652,14.82
767,8
652,15.13
677,11.97
697,14.5
657,14.18
652,13.49
687,11.03
647,14.18
687,11.59
667,12.61
647,13.87
667,15.45
737,10.01
687,14.75
687,12.22
657,18.54
677,12.22
652,15.07
717,8.63
657,13.8
687,13.17
642,15.07
657,14.12
652,16.01
667,15.07
642,16.65
657,14.12
702,10.64
717,9.7
662,12.54
657,13.55
687,11.91
647,15.38
662,15.7
672,11.91
647,15.7
647,16.96
702,11.91
662,17.91
687,10.64
652,16.96
652,15.38
742,8.63
652,18.86
652,15.7
662,15.7
652,14.12
657,16.01
682,11.91
697,10.64
707,13.8
657,14.12
652,14.12
697,13.17
667,18.86
652,13.8
687,11.59
702,10.96
652,14.75
667,13.8
642,15.07
667,13.17
647,18.54
672,14.11
702,11.28
657,14.12
672,17.59
652,15.07
657,13.8
642,16.01
792,12.86
682,13.8
657,15.38
652,15.7
647,18.86
652,14.75
642,16.96
687,12.54
657,14.43
677,13.17
712,11.91
677,13.17
727,14.43
642,17.28
677,15.7
677,12.86
647,15.38
642,16.65
642,17.28
647,17.91
677,12.54
657,16.65
662,14.43
667,16.65
652,14.75
647,16.01
652,15.07
662,14.75
652,15.07
697,12.54
697,14.43
682,11.59
667,16.01
657,14.12
662,17.59
667,19.36
692,12.41
667,19.36
672,13.67
652,15.88
692,13.04
707,11.46
717,11.46
667,13.67
662,14.62
672,17.15
732,11.14
697,13.04
677,13.04
702,13.36
672,17.15
722,11.14
682,13.36
702,12.09
682,15.25
702,13.67
697,15.88
682,16.83
707,15.25
672,17.78
727,9.38
672,13.04
707,12.72
697,13.04
702,11.78
712,12.09
677,14.3
707,13.04
662,14.93
677,12.72
712,13.36
702,11.78
682,13.36
697,15.25
707,15.57
687,14.3
727,9.38
692,12.41
717,10.83
672,14.62
662,16
667,14.3
712,12.84
702,12.21
757,9.32
662,19.47
677,15.68
672,14.74
722,11.89
677,16.95
677,12.53
697,12.84
682,13.79
702,14.74
667,15.05
727,16
702,11.89
707,15.05
722,12.21
737,10.95
712,14.74
692,13.47
687,13.47
697,15.05
682,15.37
667,16.95
667,17.26
722,12.53
722,13.79
672,14.74
777,8
697,13.47
672,16.63
672,16.7
712,11.89
692,13.16
712,13.16
677,15.05
697,12.53
682,16
712,12.84
697,15.05
687,14.74
727,11.89
682,12.84
702,13.47
717,14.42
712,11.26
677,15.68
712,13.79
702,16
722,11.89
717,11.89
732,11.58
692,13.47
677,18.53
662,18.21
667,19.47
667,16
672,15.68
682,14.74
687,18.21
722,12.84
707,14.42
667,20.11
767,9.63
762,16.95
682,13.79
717,13.47
692,14.11
677,17.58
677,17.58
717,19.16
707,13.16
682,14.11
677,16.63
737,9.32
682,15.68
677,15.37
732,12.21
692,14.11
717,15.05
662,18.84
677,13.47
692,14.11
682,14.11
717,11.89
697,17.26
677,16
717,12.53
687,18.84
692,13.79
727,14.11
717,14.61
702,14.74
707,16.63
667,16.95
702,15.37
687,14.74
737,15.68
662,19.47
702,14.42
677,14.11
667,16.63
692,16.95
742,15.68
692,14.42
732,14.42
777,9.63
727,14.11
682,15.05
717,12.84
677,17.9
672,16.95
692,13.79
667,15.68
727,13.47
712,16.32
667,16.63
722,12.21
737,13.47
682,16.63
672,16
687,15.05
677,14.11
702,15.37
662,16.63
667,20.11
682,17.26
707,17.58
687,17.9
677,15.68
672,14.42
702,17.9
717,14.11
722,12.21
707,12.84
697,15.05
692,15.68
707,13.79
717,13.47
667,20.11
732,14.11
707,14.74
682,19.47
687,17.26
717,12.53
677,19.16
692,16.32
727,12.84
727,17.26
672,16
672,18.21
687,15.37
687,15.05
697,13.79
697,17.58
662,16
707,16.32
682,16
662,15.68
692,13.47
792,8
667,16.95
667,16.63
707,15.37
732,14.74
682,14.74
667,17.58
712,7.68
727,7.68
702,12.84
692,14.42
702,14.74
697,14.42
672,20.11
672,15.05
702,16.32
737,7.37
677,14.74
692,13.47
737,12.84
672,20.11
707,16.63
682,16.95
692,14.74
677,13.16
662,19.79
687,14.74
732,9.63
687,16
722,13.79
692,15.05
697,13.16
737,9.63
667,18.53
677,20.11
697,13.47
662,16.63
677,17.58
697,14.74
712,15.05
732,10.95
702,12.84
712,7.68
702,14.11
737,14.42
687,13.16
717,11.26
702,12.84
712,11.58
712,12.21
687,13.47
682,13.16
722,13.47
682,15.65
682,18.84
687,14.42
737,9.32
662,16
677,13.16
677,13.16
707,12.21
722,13.16
702,13.16
692,12.53
707,14.42
722,10.95
722,12.84
722,12.53
732,12.53
727,11.58
682,14.42
682,14.74
662,14.74
707,13.79
707,13.47
732,13.79
672,17.39
677,14.11
672,14.11
672,14.42
672,15.37
717,12.53
717,12.53
717,12.53
792,7.68
727,13.47
727,10.95
672,13.47
702,11.89
692,11.89
707,12.84
697,14.11
677,13.47
687,12.21
687,13.47
707,12.21
732,11.58
712,11.58
727,11.58
672,15.37
707,12.84
702,14.42
722,12.21
712,14.42
707,12.53
702,13.47
672,14.74
667,16
717,12.84
722,9.63
727,11.89
672,14.42
687,14.11
692,12.21
697,14.42
737,12.21
692,19.79
697,14.42
677,16
677,18.53
697,14.11
687,12.84
712,12.53
687,14.11
727,12.53
712,11.58
692,19.79
762,11.58
667,18.21
727,12.53
687,12.84
672,14.11
677,14.11
692,15.37
677,15.05
667,16.32
662,17.58
697,13.22
667,16.32
737,15.05
682,14.42
692,14.42
707,12.53
687,13.22
717,9.63
662,15.05
667,15.05
767,11.83
677,14.11
677,17.58
692,13.79
682,19.79
667,13.79
677,17.9
702,14.42
692,16
697,12.84
727,11.26
682,13.79
697,13.47
722,14.61
702,14.96
737,12.21
717,11.26
717,17.26
667,16.32
717,15.68
687,20.11
712,12.21
722,11.89
682,14.42
702,12.87
737,11.48
677,20.17
702,12.18
702,12.87
702,13.92
737,8.59
692,13.22
682,19.82
717,12.87
687,14.61
732,11.83
687,14.96
717,11.83
682,13.57
672,16.7
682,19.13
672,16
687,14.26
677,17.04
727,12.53
687,15.31
677,15.65
712,12.18
727,12.53
732,12.53
672,17.39
712,13.57
707,14.26
767,14.96
712,12.87
762,11.14
677,14.96
667,14.61
687,17.74
682,15.31
682,13.92
712,13.92
732,11.14
682,14.96
682,13.92
667,15.65
697,13.92
752,18.43
672,18.43
702,12.18
687,17.39
662,15.31
697,20.52
712,18.09
682,13.22
692,13.92
712,12.87
677,14.61
737,11.83
672,14.26
722,11.48
692,13.92
707,13.92
692,18.09
672,14.61
662,14.96
722,14.61
697,20.17
702,13.92
662,16
717,13.92
702,16
722,13.92
687,17.39
667,15.31
687,12.87
692,13.57
707,12.53
667,15.31
717,14.61
707,12.87
727,11.83
692,13.22
682,15.65
692,15.65
682,20.86
667,15.31
702,12.53
702,13.22
732,12.87
667,20.86
732,13.57
737,19.82
707,12.87
662,17.04
707,13.57
722,12.87
667,14.61
682,14.26
672,19.47
672,14.61
732,12.87
667,16
667,17.04
677,15.31
712,13.57
677,15.31
697,18.43
702,13.57
672,19.13
757,11.83
692,12.87
727,8.94
687,19.82
662,16
737,8.94
717,14.61
677,13.22
752,19.47
737,11.14
722,11.83
707,13.22
687,16.7
717,13.22
672,14.96
667,15.65
687,17.04
672,16
697,13.22
732,16.35
697,12.87
677,14.61
687,21.21
727,8.59
692,13.57
687,13.92
672,19.13
697,12.18
727,12.87
727,13.57
752,8.59
707,20.52
687,14.26
807,8.59
727,11.48
702,15.31
672,15.31
682,16
712,12.18
677,16
682,21.21
727,18.43
727,17.74
737,8.59
682,19.47
667,14.61
717,15.65
712,12.87
687,14.96
687,12.87
662,15.65
732,13.92
697,15.31
662,15.31
662,15.65
687,12.87
677,16.7
742,16
692,17.74
667,16
697,18.78
707,13.22
687,13.92
727,8.94
687,13.92
712,13.57
662,21.21
732,17.74
667,15.31
727,11.48
707,13.57
707,15.31
717,11.83
702,18.78
717,12.87
732,13.22
722,12.87
687,13.22
727,15.65
702,13.22
662,15.65
807,8.59
712,12.87
732,11.48
712,12.18
717,18.43
692,13.57
802,19.13
687,17.04
682,14.61
662,15.31
727,13.48
717,11.14
712,14.26
717,12.53
667,15.65
692,13.57
717,12.18
722,15.65
707,14.26
692,15.65
762,7.74
662,15.31
667,20.86
677,17.74
682,14.61
727,13.57
672,14.96
702,12.87
807,11.48
762,11.14
682,14.26
677,15.31
697,12.53
727,12.53
667,14.61
667,17.39
737,11.14
702,12.53
677,14.26
697,14.96
672,14.96
682,14.61
722,11.48
707,15.31
732,11.48
702,12.53
702,13.22
677,16
712,12.87
707,13.92
692,14.61
667,15.65
672,16
712,16.7
737,15.65
737,11.48
702,13.92
737,12.18
682,19.13
692,13.92
672,15.31
692,16.7
702,16
717,12.18
667,17.39
712,16.7
717,12.87
682,14.26
662,16
697,12.18
697,15.65
767,17.39
762,20.52
722,11.14
747,8.94
697,12.87
677,18.78
757,11.48
727,8.94
737,12.87
662,16
667,14.61
722,16.35
677,14.96
687,16.7
672,16.45
672,14.96
672,19.13
687,14.96
662,20.9
687,13.57
667,14.96
667,14.96
667,15.31
732,12.87
687,13.57
682,17.74
677,17.74
672,17.04
667,16.35
722,13.57
682,12.87
697,14.61
662,18.43
782,14.26
667,18.43
682,13.92
712,11.83
762,15.31
692,16.35
722,11.83
707,14.26
692,14.96
737,12.18
667,15.31
717,13.92
667,16.7
697,14.61
707,12.87
697,13.22
702,13.22
727,12.18
687,12.87
732,12.87
712,13.57
727,12.18
722,12.53
702,11.36
677,16.07
727,9.88
722,12.73
737,10.62
662,17.19
717,10.62
662,18.43
682,15.33
717,14.22
662,19.47
682,13.11
757,7.88
702,15.7
707,10.62
687,10.99
722,10.99
677,20.17
702,12.73
707,15.33
732,11.36
717,14.96
737,13.48
672,16.07
687,14.22
712,15.33
692,13.11
732,10.25
702,13.48
687,13.11
682,13.48
732,7.88
662,15.7
667,16.07
667,16.07
667,21.64
732,14.59
707,13.48
702,13.11
697,13.85
707,15.33
717,13.11
677,13.85
722,10.25
682,15.33
732,12.73
667,18.67
722,7.88
717,13.48
727,10.99
687,13.85
697,14.59
662,21.64
687,13.11
667,19.79
722,14.26
672,16.71
677,15.68
662,15.65
672,14.61
722,12.53
687,10.71
692,16
732,13.92
